segment,dongle,platform,mean_v,max_v,engaged_frac,rlog_url
059878a793f8f288/000006f2--66411106b9--10,059878a793f8f288,VOLKSWAGEN_ID4_MK1,37.279349352518715,37.664791107177734,1.0,http://data-fallback.comma.life:8080/059878a793f8f288/000006f2--66411106b9/10/rlog.zst
4a824aa67cbfcd85/00000001--3e4d935f76--0,4a824aa67cbfcd85,VOLKSWAGEN_ID4_MK1,14.689197338301637,21.369369506835938,0.0,http://data-fallback.comma.life:8080/4a824aa67cbfcd85/00000001--3e4d935f76/0/rlog.zst
63c4d8470902a8e7/00000348--e3cbc5fd26--52,63c4d8470902a8e7,VOLKSWAGEN_ID4_MK1,27.25520060857137,27.383556365966797,1.0,http://data-fallback.comma.life:8080/63c4d8470902a8e7/00000348--e3cbc5fd26/52/rlog.zst
7d96ac8f3155dca8/00000065--39f263064e--150,7d96ac8f3155dca8,VOLKSWAGEN_ID4_MK1,40.44446619669596,40.65479278564453,1.0,http://data-fallback.comma.life:8080/7d96ac8f3155dca8/00000065--39f263064e/150/rlog.zst
81dd9e9fe256c397/0000002f--bff24fca36--3,81dd9e9fe256c397,VOLKSWAGEN_ID4_MK1,28.390213311513264,28.738351821899414,0.0,http://data-fallback.comma.life:8080/81dd9e9fe256c397/0000002f--bff24fca36/3/rlog.zst
862ee7dd767bf07f/0000017f--5b59b519bf--10,862ee7dd767bf07f,VOLKSWAGEN_ID4_MK1,68.265625,68.265625,0.0,http://data-fallback.comma.life:8080/862ee7dd767bf07f/0000017f--5b59b519bf/10/rlog.zst
aebd8f1d4ea16066/00000124--a7eddd227c--7,aebd8f1d4ea16066,VOLKSWAGEN_ID4_MK1,40.145459467569985,40.40177536010742,1.0,http://data-fallback.comma.life:8080/aebd8f1d4ea16066/00000124--a7eddd227c/7/rlog.zst
dab4c3d4c55934f5/00000338--63df4eb776--6,dab4c3d4c55934f5,VOLKSWAGEN_ID4_MK1,30.377261740366617,35.583396911621094,1.0,http://data-fallback.comma.life:8080/dab4c3d4c55934f5/00000338--63df4eb776/6/rlog.zst
fc76cf2b65550db6/0000006c--a22bb80c53--11,fc76cf2b65550db6,VOLKSWAGEN_ID4_MK1,26.487936375935874,26.840301513671875,1.0,http://data-fallback.comma.life:8080/fc76cf2b65550db6/0000006c--a22bb80c53/11/rlog.zst
059878a793f8f288/000006f2--66411106b9--9,059878a793f8f288,VOLKSWAGEN_ID4_MK1,36.49780722935994,37.521366119384766,1.0,http://data-fallback.comma.life:8080/059878a793f8f288/000006f2--66411106b9/9/rlog.zst
4a824aa67cbfcd85/00000001--3e4d935f76--1,4a824aa67cbfcd85,VOLKSWAGEN_ID4_MK1,13.674067321221033,17.627334594726562,0.0,http://data-fallback.comma.life:8080/4a824aa67cbfcd85/00000001--3e4d935f76/1/rlog.zst
63c4d8470902a8e7/00000348--e3cbc5fd26--55,63c4d8470902a8e7,VOLKSWAGEN_ID4_MK1,26.994931885401407,27.101802825927734,1.0,http://data-fallback.comma.life:8080/63c4d8470902a8e7/00000348--e3cbc5fd26/55/rlog.zst
7d96ac8f3155dca8/00000065--39f263064e--151,7d96ac8f3155dca8,VOLKSWAGEN_ID4_MK1,40.4291322517395,40.63599395751953,1.0,http://data-fallback.comma.life:8080/7d96ac8f3155dca8/00000065--39f263064e/151/rlog.zst
81dd9e9fe256c397/0000002f--bff24fca36--4,81dd9e9fe256c397,VOLKSWAGEN_ID4_MK1,27.70199822107951,28.667152404785156,0.0,http://data-fallback.comma.life:8080/81dd9e9fe256c397/0000002f--bff24fca36/4/rlog.zst
862ee7dd767bf07f/0000017f--5b59b519bf--11,862ee7dd767bf07f,VOLKSWAGEN_ID4_MK1,68.265625,68.265625,0.0,http://data-fallback.comma.life:8080/862ee7dd767bf07f/0000017f--5b59b519bf/11/rlog.zst
aebd8f1d4ea16066/000000d3--d2e901d912--4,aebd8f1d4ea16066,VOLKSWAGEN_ID4_MK1,40.10083620707194,40.43592071533203,1.0,http://data-fallback.comma.life:8080/aebd8f1d4ea16066/000000d3--d2e901d912/4/rlog.zst
dab4c3d4c55934f5/00000338--63df4eb776--8,dab4c3d4c55934f5,VOLKSWAGEN_ID4_MK1,29.639602912267048,34.52970504760742,1.0,http://data-fallback.comma.life:8080/dab4c3d4c55934f5/00000338--63df4eb776/8/rlog.zst
fc76cf2b65550db6/0000006c--a22bb80c53--9,fc76cf2b65550db6,VOLKSWAGEN_ID4_MK1,23.947910772959393,24.55328369140625,0.9216666666666666,http://data-fallback.comma.life:8080/fc76cf2b65550db6/0000006c--a22bb80c53/9/rlog.zst
059878a793f8f288/000006f6--ad562af28b--7,059878a793f8f288,VOLKSWAGEN_ID4_MK1,34.907061208089196,35.013587951660156,1.0,http://data-fallback.comma.life:8080/059878a793f8f288/000006f6--ad562af28b/7/rlog.zst
4a824aa67cbfcd85/00000001--3e4d935f76--2,4a824aa67cbfcd85,VOLKSWAGEN_ID4_MK1,5.753906721409752,12.651582717895508,0.0,http://data-fallback.comma.life:8080/4a824aa67cbfcd85/00000001--3e4d935f76/2/rlog.zst
63c4d8470902a8e7/00000348--e3cbc5fd26--56,63c4d8470902a8e7,VOLKSWAGEN_ID4_MK1,26.870277306238812,27.061613082885742,1.0,http://data-fallback.comma.life:8080/63c4d8470902a8e7/00000348--e3cbc5fd26/56/rlog.zst
7d96ac8f3155dca8/00000065--39f263064e--152,7d96ac8f3155dca8,VOLKSWAGEN_ID4_MK1,40.36841135025024,40.59851837158203,1.0,http://data-fallback.comma.life:8080/7d96ac8f3155dca8/00000065--39f263064e/152/rlog.zst
81dd9e9fe256c397/0000002f--bff24fca36--27,81dd9e9fe256c397,VOLKSWAGEN_ID4_MK1,25.074933338165284,27.932514190673828,0.0,http://data-fallback.comma.life:8080/81dd9e9fe256c397/0000002f--bff24fca36/27/rlog.zst
862ee7dd767bf07f/0000017f--5b59b519bf--12,862ee7dd767bf07f,VOLKSWAGEN_ID4_MK1,68.265625,68.265625,0.0,http://data-fallback.comma.life:8080/862ee7dd767bf07f/0000017f--5b59b519bf/12/rlog.zst
aebd8f1d4ea16066/00000112--483479fb88--10,aebd8f1d4ea16066,VOLKSWAGEN_ID4_MK1,40.072409271797866,40.416717529296875,1.0,http://data-fallback.comma.life:8080/aebd8f1d4ea16066/00000112--483479fb88/10/rlog.zst
dab4c3d4c55934f5/00000338--63df4eb776--7,dab4c3d4c55934f5,VOLKSWAGEN_ID4_MK1,29.63250977834066,34.50392532348633,1.0,http://data-fallback.comma.life:8080/dab4c3d4c55934f5/00000338--63df4eb776/7/rlog.zst
fc76cf2b65550db6/0000006c--a22bb80c53--5,fc76cf2b65550db6,VOLKSWAGEN_ID4_MK1,22.072750539779662,22.203227996826172,1.0,http://data-fallback.comma.life:8080/fc76cf2b65550db6/0000006c--a22bb80c53/5/rlog.zst
059878a793f8f288/00000702--a1330a9fa8--5,059878a793f8f288,VOLKSWAGEN_ID4_MK1,34.89458515803019,35.01483154296875,1.0,http://data-fallback.comma.life:8080/059878a793f8f288/00000702--a1330a9fa8/5/rlog.zst
63c4d8470902a8e7/00000348--e3cbc5fd26--51,63c4d8470902a8e7,VOLKSWAGEN_ID4_MK1,25.43529593149821,27.5352840423584,1.0,http://data-fallback.comma.life:8080/63c4d8470902a8e7/00000348--e3cbc5fd26/51/rlog.zst
7d96ac8f3155dca8/00000065--39f263064e--155,7d96ac8f3155dca8,VOLKSWAGEN_ID4_MK1,40.33995881398519,40.66054153442383,1.0,http://data-fallback.comma.life:8080/7d96ac8f3155dca8/00000065--39f263064e/155/rlog.zst
81dd9e9fe256c397/0000002f--bff24fca36--2,81dd9e9fe256c397,VOLKSWAGEN_ID4_MK1,23.678774518966677,28.549482345581055,0.0,http://data-fallback.comma.life:8080/81dd9e9fe256c397/0000002f--bff24fca36/2/rlog.zst
862ee7dd767bf07f/0000017f--5b59b519bf--13,862ee7dd767bf07f,VOLKSWAGEN_ID4_MK1,68.265625,68.265625,0.0,http://data-fallback.comma.life:8080/862ee7dd767bf07f/0000017f--5b59b519bf/13/rlog.zst
aebd8f1d4ea16066/00000107--0358d3ddb0--6,aebd8f1d4ea16066,VOLKSWAGEN_ID4_MK1,39.67628836313884,40.362449645996094,1.0,http://data-fallback.comma.life:8080/aebd8f1d4ea16066/00000107--0358d3ddb0/6/rlog.zst
dab4c3d4c55934f5/00000338--63df4eb776--5,dab4c3d4c55934f5,VOLKSWAGEN_ID4_MK1,28.270215559005738,28.399063110351562,1.0,http://data-fallback.comma.life:8080/dab4c3d4c55934f5/00000338--63df4eb776/5/rlog.zst
fc76cf2b65550db6/0000006c--a22bb80c53--6,fc76cf2b65550db6,VOLKSWAGEN_ID4_MK1,21.984912096659343,24.513668060302734,1.0,http://data-fallback.comma.life:8080/fc76cf2b65550db6/0000006c--a22bb80c53/6/rlog.zst
059878a793f8f288/000006f7--12e65cb921--9,059878a793f8f288,VOLKSWAGEN_ID4_MK1,34.89328304290771,35.0351448059082,1.0,http://data-fallback.comma.life:8080/059878a793f8f288/000006f7--12e65cb921/9/rlog.zst
63c4d8470902a8e7/00000348--e3cbc5fd26--57,63c4d8470902a8e7,VOLKSWAGEN_ID4_MK1,25.327888692220053,27.04030990600586,1.0,http://data-fallback.comma.life:8080/63c4d8470902a8e7/00000348--e3cbc5fd26/57/rlog.zst
7d96ac8f3155dca8/00000065--39f263064e--158,7d96ac8f3155dca8,VOLKSWAGEN_ID4_MK1,40.336897417704265,40.602149963378906,1.0,http://data-fallback.comma.life:8080/7d96ac8f3155dca8/00000065--39f263064e/158/rlog.zst
81dd9e9fe256c397/0000002f--bff24fca36--5,81dd9e9fe256c397,VOLKSWAGEN_ID4_MK1,21.898852165937424,28.632844924926758,0.0,http://data-fallback.comma.life:8080/81dd9e9fe256c397/0000002f--bff24fca36/5/rlog.zst
862ee7dd767bf07f/0000017f--5b59b519bf--14,862ee7dd767bf07f,VOLKSWAGEN_ID4_MK1,68.265625,68.265625,0.0,http://data-fallback.comma.life:8080/862ee7dd767bf07f/0000017f--5b59b519bf/14/rlog.zst
aebd8f1d4ea16066/00000107--0358d3ddb0--7,aebd8f1d4ea16066,VOLKSWAGEN_ID4_MK1,39.49461842854818,40.283470153808594,1.0,http://data-fallback.comma.life:8080/aebd8f1d4ea16066/00000107--0358d3ddb0/7/rlog.zst
dab4c3d4c55934f5/0000033a--02bc62088c--15,dab4c3d4c55934f5,VOLKSWAGEN_ID4_MK1,27.98726594607035,30.544628143310547,1.0,http://data-fallback.comma.life:8080/dab4c3d4c55934f5/0000033a--02bc62088c/15/rlog.zst
fc76cf2b65550db6/0000006c--a22bb80c53--8,fc76cf2b65550db6,VOLKSWAGEN_ID4_MK1,21.793169101079304,22.35763931274414,1.0,http://data-fallback.comma.life:8080/fc76cf2b65550db6/0000006c--a22bb80c53/8/rlog.zst
059878a793f8f288/000006f6--ad562af28b--8,059878a793f8f288,VOLKSWAGEN_ID4_MK1,33.777269248962405,35.010345458984375,1.0,http://data-fallback.comma.life:8080/059878a793f8f288/000006f6--ad562af28b/8/rlog.zst
63c4d8470902a8e7/00000348--e3cbc5fd26--58,63c4d8470902a8e7,VOLKSWAGEN_ID4_MK1,24.57872418085734,25.84676170349121,1.0,http://data-fallback.comma.life:8080/63c4d8470902a8e7/00000348--e3cbc5fd26/58/rlog.zst
7d96ac8f3155dca8/00000065--39f263064e--157,7d96ac8f3155dca8,VOLKSWAGEN_ID4_MK1,40.11269077936808,40.63238525390625,1.0,http://data-fallback.comma.life:8080/7d96ac8f3155dca8/00000065--39f263064e/157/rlog.zst
81dd9e9fe256c397/0000002f--bff24fca36--26,81dd9e9fe256c397,VOLKSWAGEN_ID4_MK1,20.417095858256022,27.6879940032959,0.0,http://data-fallback.comma.life:8080/81dd9e9fe256c397/0000002f--bff24fca36/26/rlog.zst
862ee7dd767bf07f/0000017f--5b59b519bf--15,862ee7dd767bf07f,VOLKSWAGEN_ID4_MK1,68.265625,68.265625,0.0,http://data-fallback.comma.life:8080/862ee7dd767bf07f/0000017f--5b59b519bf/15/rlog.zst
aebd8f1d4ea16066/00000112--483479fb88--11,aebd8f1d4ea16066,VOLKSWAGEN_ID4_MK1,39.236889847132915,40.35118103027344,1.0,http://data-fallback.comma.life:8080/aebd8f1d4ea16066/00000112--483479fb88/11/rlog.zst
dab4c3d4c55934f5/0000033a--02bc62088c--14,dab4c3d4c55934f5,VOLKSWAGEN_ID4_MK1,24.683479913075765,26.27822494506836,1.0,http://data-fallback.comma.life:8080/dab4c3d4c55934f5/0000033a--02bc62088c/14/rlog.zst
fc76cf2b65550db6/0000006c--a22bb80c53--15,fc76cf2b65550db6,VOLKSWAGEN_ID4_MK1,21.09104494889577,23.04749298095703,1.0,http://data-fallback.comma.life:8080/fc76cf2b65550db6/0000006c--a22bb80c53/15/rlog.zst
059878a793f8f288/000006f7--12e65cb921--10,059878a793f8f288,VOLKSWAGEN_ID4_MK1,33.51382881164551,36.98637008666992,1.0,http://data-fallback.comma.life:8080/059878a793f8f288/000006f7--12e65cb921/10/rlog.zst
63c4d8470902a8e7/0000034a--a856fbe773--63,63c4d8470902a8e7,VOLKSWAGEN_ID4_MK1,24.324094330469766,26.8245906829834,1.0,http://data-fallback.comma.life:8080/63c4d8470902a8e7/0000034a--a856fbe773/63/rlog.zst
7d96ac8f3155dca8/00000065--39f263064e--117,7d96ac8f3155dca8,VOLKSWAGEN_ID4_MK1,37.676518262227376,37.80625534057617,1.0,http://data-fallback.comma.life:8080/7d96ac8f3155dca8/00000065--39f263064e/117/rlog.zst
81dd9e9fe256c397/0000002f--bff24fca36--9,81dd9e9fe256c397,VOLKSWAGEN_ID4_MK1,10.933296614487967,18.71903419494629,0.0,http://data-fallback.comma.life:8080/81dd9e9fe256c397/0000002f--bff24fca36/9/rlog.zst
862ee7dd767bf07f/0000017f--5b59b519bf--16,862ee7dd767bf07f,VOLKSWAGEN_ID4_MK1,68.265625,68.265625,0.0,http://data-fallback.comma.life:8080/862ee7dd767bf07f/0000017f--5b59b519bf/16/rlog.zst
aebd8f1d4ea16066/00000112--483479fb88--9,aebd8f1d4ea16066,VOLKSWAGEN_ID4_MK1,39.214745161126686,40.315460205078125,1.0,http://data-fallback.comma.life:8080/aebd8f1d4ea16066/00000112--483479fb88/9/rlog.zst
dab4c3d4c55934f5/00000337--ba74a366de--5,dab4c3d4c55934f5,VOLKSWAGEN_ID4_MK1,23.18346433957418,24.493371963500977,1.0,http://data-fallback.comma.life:8080/dab4c3d4c55934f5/00000337--ba74a366de/5/rlog.zst
fc76cf2b65550db6/0000006c--a22bb80c53--4,fc76cf2b65550db6,VOLKSWAGEN_ID4_MK1,16.724728545412646,22.95281982421875,0.635,http://data-fallback.comma.life:8080/fc76cf2b65550db6/0000006c--a22bb80c53/4/rlog.zst
059878a793f8f288/00000702--a1330a9fa8--6,059878a793f8f288,VOLKSWAGEN_ID4_MK1,32.69918313662211,34.98432922363281,1.0,http://data-fallback.comma.life:8080/059878a793f8f288/00000702--a1330a9fa8/6/rlog.zst
63c4d8470902a8e7/0000034a--a856fbe773--64,63c4d8470902a8e7,VOLKSWAGEN_ID4_MK1,24.148338368733725,26.254667282104492,1.0,http://data-fallback.comma.life:8080/63c4d8470902a8e7/0000034a--a856fbe773/64/rlog.zst
7d96ac8f3155dca8/00000065--39f263064e--147,7d96ac8f3155dca8,VOLKSWAGEN_ID4_MK1,37.393659890492756,41.07148742675781,1.0,http://data-fallback.comma.life:8080/7d96ac8f3155dca8/00000065--39f263064e/147/rlog.zst
81dd9e9fe256c397/0000002f--bff24fca36--10,81dd9e9fe256c397,VOLKSWAGEN_ID4_MK1,10.197527038057645,18.90013885498047,0.0,http://data-fallback.comma.life:8080/81dd9e9fe256c397/0000002f--bff24fca36/10/rlog.zst
862ee7dd767bf07f/0000017f--5b59b519bf--17,862ee7dd767bf07f,VOLKSWAGEN_ID4_MK1,68.265625,68.265625,0.0,http://data-fallback.comma.life:8080/862ee7dd767bf07f/0000017f--5b59b519bf/17/rlog.zst
aebd8f1d4ea16066/00000152--5715fa86f9--5,aebd8f1d4ea16066,VOLKSWAGEN_ID4_MK1,38.85413383483887,41.662967681884766,1.0,http://data-fallback.comma.life:8080/aebd8f1d4ea16066/00000152--5715fa86f9/5/rlog.zst
dab4c3d4c55934f5/0000033a--02bc62088c--16,dab4c3d4c55934f5,VOLKSWAGEN_ID4_MK1,22.791858010292053,30.550081253051758,1.0,http://data-fallback.comma.life:8080/dab4c3d4c55934f5/0000033a--02bc62088c/16/rlog.zst
fc76cf2b65550db6/0000006c--a22bb80c53--3,fc76cf2b65550db6,VOLKSWAGEN_ID4_MK1,15.933582492669423,19.57465362548828,0.5923460898502496,http://data-fallback.comma.life:8080/fc76cf2b65550db6/0000006c--a22bb80c53/3/rlog.zst
059878a793f8f288/000006f6--ad562af28b--6,059878a793f8f288,VOLKSWAGEN_ID4_MK1,32.410721686681114,37.26678466796875,1.0,http://data-fallback.comma.life:8080/059878a793f8f288/000006f6--ad562af28b/6/rlog.zst
63c4d8470902a8e7/00000348--e3cbc5fd26--59,63c4d8470902a8e7,VOLKSWAGEN_ID4_MK1,24.074866406122844,27.069442749023438,1.0,http://data-fallback.comma.life:8080/63c4d8470902a8e7/00000348--e3cbc5fd26/59/rlog.zst
7d96ac8f3155dca8/00000065--39f263064e--143,7d96ac8f3155dca8,VOLKSWAGEN_ID4_MK1,36.78041118621826,37.85213851928711,1.0,http://data-fallback.comma.life:8080/7d96ac8f3155dca8/00000065--39f263064e/143/rlog.zst
81dd9e9fe256c397/0000002f--bff24fca36--14,81dd9e9fe256c397,VOLKSWAGEN_ID4_MK1,8.712566743691763,14.66452407836914,0.0,http://data-fallback.comma.life:8080/81dd9e9fe256c397/0000002f--bff24fca36/14/rlog.zst
862ee7dd767bf07f/0000017f--5b59b519bf--18,862ee7dd767bf07f,VOLKSWAGEN_ID4_MK1,68.265625,68.265625,0.0,http://data-fallback.comma.life:8080/862ee7dd767bf07f/0000017f--5b59b519bf/18/rlog.zst
aebd8f1d4ea16066/00000112--483479fb88--8,aebd8f1d4ea16066,VOLKSWAGEN_ID4_MK1,38.845880502086146,39.687198638916016,1.0,http://data-fallback.comma.life:8080/aebd8f1d4ea16066/00000112--483479fb88/8/rlog.zst
dab4c3d4c55934f5/00000337--ba74a366de--11,dab4c3d4c55934f5,VOLKSWAGEN_ID4_MK1,22.703523894945782,24.054698944091797,1.0,http://data-fallback.comma.life:8080/dab4c3d4c55934f5/00000337--ba74a366de/11/rlog.zst
fc76cf2b65550db6/0000006c--a22bb80c53--14,fc76cf2b65550db6,VOLKSWAGEN_ID4_MK1,15.730013475914797,22.82071876525879,0.6366666666666667,http://data-fallback.comma.life:8080/fc76cf2b65550db6/0000006c--a22bb80c53/14/rlog.zst
059878a793f8f288/00000702--a1330a9fa8--4,059878a793f8f288,VOLKSWAGEN_ID4_MK1,31.747350606918335,34.878597259521484,1.0,http://data-fallback.comma.life:8080/059878a793f8f288/00000702--a1330a9fa8/4/rlog.zst
63c4d8470902a8e7/00000348--e3cbc5fd26--40,63c4d8470902a8e7,VOLKSWAGEN_ID4_MK1,22.887294489542644,26.757383346557617,1.0,http://data-fallback.comma.life:8080/63c4d8470902a8e7/00000348--e3cbc5fd26/40/rlog.zst
7d96ac8f3155dca8/00000065--39f263064e--119,7d96ac8f3155dca8,VOLKSWAGEN_ID4_MK1,36.66754573822021,37.84503936767578,1.0,http://data-fallback.comma.life:8080/7d96ac8f3155dca8/00000065--39f263064e/119/rlog.zst
81dd9e9fe256c397/0000002f--bff24fca36--29,81dd9e9fe256c397,VOLKSWAGEN_ID4_MK1,8.262640303969384,12.055953025817871,0.0,http://data-fallback.comma.life:8080/81dd9e9fe256c397/0000002f--bff24fca36/29/rlog.zst
862ee7dd767bf07f/0000017f--5b59b519bf--19,862ee7dd767bf07f,VOLKSWAGEN_ID4_MK1,68.265625,68.265625,0.0,http://data-fallback.comma.life:8080/862ee7dd767bf07f/0000017f--5b59b519bf/19/rlog.zst
aebd8f1d4ea16066/0000010c--c985ca771f--5,aebd8f1d4ea16066,VOLKSWAGEN_ID4_MK1,38.32174142837525,40.067440032958984,1.0,http://data-fallback.comma.life:8080/aebd8f1d4ea16066/0000010c--c985ca771f/5/rlog.zst
dab4c3d4c55934f5/0000033f--e9d08c67d5--12,dab4c3d4c55934f5,VOLKSWAGEN_ID4_MK1,20.788350788752236,22.18084716796875,1.0,http://data-fallback.comma.life:8080/dab4c3d4c55934f5/0000033f--e9d08c67d5/12/rlog.zst
fc76cf2b65550db6/0000006c--a22bb80c53--21,fc76cf2b65550db6,VOLKSWAGEN_ID4_MK1,15.244998506108919,21.883371353149414,0.475,http://data-fallback.comma.life:8080/fc76cf2b65550db6/0000006c--a22bb80c53/21/rlog.zst
059878a793f8f288/000006ef--e7ca067163--21,059878a793f8f288,VOLKSWAGEN_ID4_MK1,31.52677033742269,32.927459716796875,1.0,http://data-fallback.comma.life:8080/059878a793f8f288/000006ef--e7ca067163/21/rlog.zst
63c4d8470902a8e7/00000348--e3cbc5fd26--49,63c4d8470902a8e7,VOLKSWAGEN_ID4_MK1,22.70998255411784,26.75276756286621,1.0,http://data-fallback.comma.life:8080/63c4d8470902a8e7/00000348--e3cbc5fd26/49/rlog.zst
7d96ac8f3155dca8/00000065--39f263064e--139,7d96ac8f3155dca8,VOLKSWAGEN_ID4_MK1,36.14224176088969,37.93421936035156,1.0,http://data-fallback.comma.life:8080/7d96ac8f3155dca8/00000065--39f263064e/139/rlog.zst
81dd9e9fe256c397/0000002f--bff24fca36--8,81dd9e9fe256c397,VOLKSWAGEN_ID4_MK1,8.07584281845909,19.481828689575195,0.0,http://data-fallback.comma.life:8080/81dd9e9fe256c397/0000002f--bff24fca36/8/rlog.zst
862ee7dd767bf07f/0000017f--5b59b519bf--20,862ee7dd767bf07f,VOLKSWAGEN_ID4_MK1,68.265625,68.265625,0.0,http://data-fallback.comma.life:8080/862ee7dd767bf07f/0000017f--5b59b519bf/20/rlog.zst
aebd8f1d4ea16066/000000d3--d2e901d912--3,aebd8f1d4ea16066,VOLKSWAGEN_ID4_MK1,37.86750026067098,40.1884765625,1.0,http://data-fallback.comma.life:8080/aebd8f1d4ea16066/000000d3--d2e901d912/3/rlog.zst
dab4c3d4c55934f5/0000033f--e9d08c67d5--11,dab4c3d4c55934f5,VOLKSWAGEN_ID4_MK1,19.81780968348185,21.666784286499023,1.0,http://data-fallback.comma.life:8080/dab4c3d4c55934f5/0000033f--e9d08c67d5/11/rlog.zst
fc76cf2b65550db6/0000006c--a22bb80c53--13,fc76cf2b65550db6,VOLKSWAGEN_ID4_MK1,15.233357328639055,23.356836318969727,1.0,http://data-fallback.comma.life:8080/fc76cf2b65550db6/0000006c--a22bb80c53/13/rlog.zst
059878a793f8f288/000006f2--66411106b9--8,059878a793f8f288,VOLKSWAGEN_ID4_MK1,31.462220735549927,34.406925201416016,1.0,http://data-fallback.comma.life:8080/059878a793f8f288/000006f2--66411106b9/8/rlog.zst
63c4d8470902a8e7/00000348--e3cbc5fd26--50,63c4d8470902a8e7,VOLKSWAGEN_ID4_MK1,21.92749204317729,24.51647186279297,1.0,http://data-fallback.comma.life:8080/63c4d8470902a8e7/00000348--e3cbc5fd26/50/rlog.zst
7d96ac8f3155dca8/00000065--39f263064e--134,7d96ac8f3155dca8,VOLKSWAGEN_ID4_MK1,35.50074858347575,37.630531311035156,1.0,http://data-fallback.comma.life:8080/7d96ac8f3155dca8/00000065--39f263064e/134/rlog.zst
81dd9e9fe256c397/0000002f--bff24fca36--15,81dd9e9fe256c397,VOLKSWAGEN_ID4_MK1,8.021180423895517,10.920733451843262,0.0,http://data-fallback.comma.life:8080/81dd9e9fe256c397/0000002f--bff24fca36/15/rlog.zst
862ee7dd767bf07f/0000017f--5b59b519bf--21,862ee7dd767bf07f,VOLKSWAGEN_ID4_MK1,68.265625,68.265625,0.0,http://data-fallback.comma.life:8080/862ee7dd767bf07f/0000017f--5b59b519bf/21/rlog.zst
aebd8f1d4ea16066/00000107--0358d3ddb0--8,aebd8f1d4ea16066,VOLKSWAGEN_ID4_MK1,37.76273403803508,39.32358932495117,1.0,http://data-fallback.comma.life:8080/aebd8f1d4ea16066/00000107--0358d3ddb0/8/rlog.zst
dab4c3d4c55934f5/0000033f--e9d08c67d5--9,dab4c3d4c55934f5,VOLKSWAGEN_ID4_MK1,18.28806300163269,21.19804573059082,1.0,http://data-fallback.comma.life:8080/dab4c3d4c55934f5/0000033f--e9d08c67d5/9/rlog.zst
fc76cf2b65550db6/00000004--412fe0b49e--3,fc76cf2b65550db6,VOLKSWAGEN_ID4_MK1,14.714237512998885,22.949796676635742,0.43926788685524126,http://data-fallback.comma.life:8080/fc76cf2b65550db6/00000004--412fe0b49e/3/rlog.zst
059878a793f8f288/000006f7--12e65cb921--8,059878a793f8f288,VOLKSWAGEN_ID4_MK1,31.36937245686849,34.870750427246094,1.0,http://data-fallback.comma.life:8080/059878a793f8f288/000006f7--12e65cb921/8/rlog.zst
63c4d8470902a8e7/00000348--e3cbc5fd26--47,63c4d8470902a8e7,VOLKSWAGEN_ID4_MK1,21.01841661453247,26.596097946166992,1.0,http://data-fallback.comma.life:8080/63c4d8470902a8e7/00000348--e3cbc5fd26/47/rlog.zst
7d96ac8f3155dca8/00000065--39f263064e--122,7d96ac8f3155dca8,VOLKSWAGEN_ID4_MK1,34.094875482167545,34.88101577758789,1.0,http://data-fallback.comma.life:8080/7d96ac8f3155dca8/00000065--39f263064e/122/rlog.zst
81dd9e9fe256c397/0000002f--bff24fca36--28,81dd9e9fe256c397,VOLKSWAGEN_ID4_MK1,7.228630788025524,20.105985641479492,0.0,http://data-fallback.comma.life:8080/81dd9e9fe256c397/0000002f--bff24fca36/28/rlog.zst
862ee7dd767bf07f/0000017f--5b59b519bf--22,862ee7dd767bf07f,VOLKSWAGEN_ID4_MK1,68.265625,68.265625,0.0,http://data-fallback.comma.life:8080/862ee7dd767bf07f/0000017f--5b59b519bf/22/rlog.zst
aebd8f1d4ea16066/00000152--5715fa86f9--7,aebd8f1d4ea16066,VOLKSWAGEN_ID4_MK1,37.73288864771525,39.206153869628906,1.0,http://data-fallback.comma.life:8080/aebd8f1d4ea16066/00000152--5715fa86f9/7/rlog.zst
dab4c3d4c55934f5/00000337--ba74a366de--8,dab4c3d4c55934f5,VOLKSWAGEN_ID4_MK1,17.782112714449564,19.038379669189453,1.0,http://data-fallback.comma.life:8080/dab4c3d4c55934f5/00000337--ba74a366de/8/rlog.zst
fc76cf2b65550db6/0000006c--a22bb80c53--20,fc76cf2b65550db6,VOLKSWAGEN_ID4_MK1,14.697340991571545,20.044586181640625,0.7966666666666666,http://data-fallback.comma.life:8080/fc76cf2b65550db6/0000006c--a22bb80c53/20/rlog.zst
059878a793f8f288/000006ef--e7ca067163--23,059878a793f8f288,VOLKSWAGEN_ID4_MK1,31.04720908164978,31.109277725219727,1.0,http://data-fallback.comma.life:8080/059878a793f8f288/000006ef--e7ca067163/23/rlog.zst
63c4d8470902a8e7/0000033b--e90362dc20--6,63c4d8470902a8e7,VOLKSWAGEN_ID4_MK1,18.96955827395121,19.335573196411133,1.0,http://data-fallback.comma.life:8080/63c4d8470902a8e7/0000033b--e90362dc20/6/rlog.zst
7d96ac8f3155dca8/00000065--39f263064e--125,7d96ac8f3155dca8,VOLKSWAGEN_ID4_MK1,33.714543641408284,34.66379165649414,1.0,http://data-fallback.comma.life:8080/7d96ac8f3155dca8/00000065--39f263064e/125/rlog.zst
81dd9e9fe256c397/0000002f--bff24fca36--1,81dd9e9fe256c397,VOLKSWAGEN_ID4_MK1,6.224274029719333,15.768401145935059,0.0,http://data-fallback.comma.life:8080/81dd9e9fe256c397/0000002f--bff24fca36/1/rlog.zst
862ee7dd767bf07f/0000017f--5b59b519bf--23,862ee7dd767bf07f,VOLKSWAGEN_ID4_MK1,68.265625,68.265625,0.0,http://data-fallback.comma.life:8080/862ee7dd767bf07f/0000017f--5b59b519bf/23/rlog.zst
aebd8f1d4ea16066/00000152--5715fa86f9--8,aebd8f1d4ea16066,VOLKSWAGEN_ID4_MK1,37.427978591918944,37.96855163574219,1.0,http://data-fallback.comma.life:8080/aebd8f1d4ea16066/00000152--5715fa86f9/8/rlog.zst
dab4c3d4c55934f5/00000337--ba74a366de--15,dab4c3d4c55934f5,VOLKSWAGEN_ID4_MK1,17.12857587814331,17.591798782348633,1.0,http://data-fallback.comma.life:8080/dab4c3d4c55934f5/00000337--ba74a366de/15/rlog.zst
fc76cf2b65550db6/00000004--412fe0b49e--6,fc76cf2b65550db6,VOLKSWAGEN_ID4_MK1,14.647517809048296,21.17811393737793,0.5108153078202995,http://data-fallback.comma.life:8080/fc76cf2b65550db6/00000004--412fe0b49e/6/rlog.zst
059878a793f8f288/000006ef--e7ca067163--25,059878a793f8f288,VOLKSWAGEN_ID4_MK1,31.04440841992696,31.104419708251953,1.0,http://data-fallback.comma.life:8080/059878a793f8f288/000006ef--e7ca067163/25/rlog.zst
63c4d8470902a8e7/0000033b--e90362dc20--8,63c4d8470902a8e7,VOLKSWAGEN_ID4_MK1,16.270753348668418,18.6644287109375,1.0,http://data-fallback.comma.life:8080/63c4d8470902a8e7/0000033b--e90362dc20/8/rlog.zst
7d96ac8f3155dca8/00000065--39f263064e--128,7d96ac8f3155dca8,VOLKSWAGEN_ID4_MK1,30.84832068125407,35.138885498046875,1.0,http://data-fallback.comma.life:8080/7d96ac8f3155dca8/00000065--39f263064e/128/rlog.zst
81dd9e9fe256c397/0000002f--bff24fca36--25,81dd9e9fe256c397,VOLKSWAGEN_ID4_MK1,5.55766331989364,15.152809143066406,0.0,http://data-fallback.comma.life:8080/81dd9e9fe256c397/0000002f--bff24fca36/25/rlog.zst
862ee7dd767bf07f/0000017f--5b59b519bf--24,862ee7dd767bf07f,VOLKSWAGEN_ID4_MK1,68.265625,68.265625,0.0,http://data-fallback.comma.life:8080/862ee7dd767bf07f/0000017f--5b59b519bf/24/rlog.zst
aebd8f1d4ea16066/00000112--483479fb88--7,aebd8f1d4ea16066,VOLKSWAGEN_ID4_MK1,37.42128882941499,38.422420501708984,1.0,http://data-fallback.comma.life:8080/aebd8f1d4ea16066/00000112--483479fb88/7/rlog.zst
dab4c3d4c55934f5/00000337--ba74a366de--13,dab4c3d4c55934f5,VOLKSWAGEN_ID4_MK1,15.977523063023884,17.454076766967773,1.0,http://data-fallback.comma.life:8080/dab4c3d4c55934f5/00000337--ba74a366de/13/rlog.zst
fc76cf2b65550db6/00000004--412fe0b49e--2,fc76cf2b65550db6,VOLKSWAGEN_ID4_MK1,14.374066432956834,22.972042083740234,0.8263772954924875,http://data-fallback.comma.life:8080/fc76cf2b65550db6/00000004--412fe0b49e/2/rlog.zst
059878a793f8f288/000006ef--e7ca067163--26,059878a793f8f288,VOLKSWAGEN_ID4_MK1,31.03065788269043,31.135826110839844,1.0,http://data-fallback.comma.life:8080/059878a793f8f288/000006ef--e7ca067163/26/rlog.zst
63c4d8470902a8e7/0000034a--a856fbe773--49,63c4d8470902a8e7,VOLKSWAGEN_ID4_MK1,14.614210341771443,21.301759719848633,1.0,http://data-fallback.comma.life:8080/63c4d8470902a8e7/0000034a--a856fbe773/49/rlog.zst
7d96ac8f3155dca8/00000065--39f263064e--164,7d96ac8f3155dca8,VOLKSWAGEN_ID4_MK1,27.38432345017419,30.094219207763672,1.0,http://data-fallback.comma.life:8080/7d96ac8f3155dca8/00000065--39f263064e/164/rlog.zst
81dd9e9fe256c397/0000002f--bff24fca36--19,81dd9e9fe256c397,VOLKSWAGEN_ID4_MK1,5.29913564485639,10.152567863464355,0.0,http://data-fallback.comma.life:8080/81dd9e9fe256c397/0000002f--bff24fca36/19/rlog.zst
862ee7dd767bf07f/0000017f--5b59b519bf--25,862ee7dd767bf07f,VOLKSWAGEN_ID4_MK1,68.265625,68.265625,0.0,http://data-fallback.comma.life:8080/862ee7dd767bf07f/0000017f--5b59b519bf/25/rlog.zst
aebd8f1d4ea16066/00000152--5715fa86f9--6,aebd8f1d4ea16066,VOLKSWAGEN_ID4_MK1,37.30382880528768,37.91083526611328,1.0,http://data-fallback.comma.life:8080/aebd8f1d4ea16066/00000152--5715fa86f9/6/rlog.zst
dab4c3d4c55934f5/00000337--ba74a366de--14,dab4c3d4c55934f5,VOLKSWAGEN_ID4_MK1,14.318275762796402,17.762380599975586,1.0,http://data-fallback.comma.life:8080/dab4c3d4c55934f5/00000337--ba74a366de/14/rlog.zst
fc76cf2b65550db6/0000006c--a22bb80c53--10,fc76cf2b65550db6,VOLKSWAGEN_ID4_MK1,14.335232351161382,26.61646270751953,0.9,http://data-fallback.comma.life:8080/fc76cf2b65550db6/0000006c--a22bb80c53/10/rlog.zst
059878a793f8f288/000006f7--12e65cb921--7,059878a793f8f288,VOLKSWAGEN_ID4_MK1,30.899661016464233,36.465267181396484,1.0,http://data-fallback.comma.life:8080/059878a793f8f288/000006f7--12e65cb921/7/rlog.zst
63c4d8470902a8e7/0000034b--e28d34660e--3,63c4d8470902a8e7,VOLKSWAGEN_ID4_MK1,14.315025498072306,15.928472518920898,1.0,http://data-fallback.comma.life:8080/63c4d8470902a8e7/0000034b--e28d34660e/3/rlog.zst
7d96ac8f3155dca8/00000065--39f263064e--160,7d96ac8f3155dca8,VOLKSWAGEN_ID4_MK1,23.772355540593466,27.622262954711914,0.37833333333333335,http://data-fallback.comma.life:8080/7d96ac8f3155dca8/00000065--39f263064e/160/rlog.zst
81dd9e9fe256c397/0000002f--bff24fca36--7,81dd9e9fe256c397,VOLKSWAGEN_ID4_MK1,3.8839542234285425,14.234898567199707,0.0,http://data-fallback.comma.life:8080/81dd9e9fe256c397/0000002f--bff24fca36/7/rlog.zst
862ee7dd767bf07f/0000017f--5b59b519bf--26,862ee7dd767bf07f,VOLKSWAGEN_ID4_MK1,68.265625,68.265625,0.0,http://data-fallback.comma.life:8080/862ee7dd767bf07f/0000017f--5b59b519bf/26/rlog.zst
aebd8f1d4ea16066/00000083--746af6199c--5,aebd8f1d4ea16066,VOLKSWAGEN_ID4_MK1,37.27692305246989,37.36393737792969,1.0,http://data-fallback.comma.life:8080/aebd8f1d4ea16066/00000083--746af6199c/5/rlog.zst
dab4c3d4c55934f5/00000337--ba74a366de--10,dab4c3d4c55934f5,VOLKSWAGEN_ID4_MK1,13.4201878014463,24.048940658569336,1.0,http://data-fallback.comma.life:8080/dab4c3d4c55934f5/00000337--ba74a366de/10/rlog.zst
fc76cf2b65550db6/0000006c--a22bb80c53--12,fc76cf2b65550db6,VOLKSWAGEN_ID4_MK1,13.858017209852033,26.134883880615234,1.0,http://data-fallback.comma.life:8080/fc76cf2b65550db6/0000006c--a22bb80c53/12/rlog.zst
059878a793f8f288/00000702--a1330a9fa8--3,059878a793f8f288,VOLKSWAGEN_ID4_MK1,30.822375129063925,34.89338684082031,1.0,http://data-fallback.comma.life:8080/059878a793f8f288/00000702--a1330a9fa8/3/rlog.zst
63c4d8470902a8e7/0000034a--a856fbe773--53,63c4d8470902a8e7,VOLKSWAGEN_ID4_MK1,10.647232246398925,19.78404426574707,1.0,http://data-fallback.comma.life:8080/63c4d8470902a8e7/0000034a--a856fbe773/53/rlog.zst
7d96ac8f3155dca8/00000065--39f263064e--166,7d96ac8f3155dca8,VOLKSWAGEN_ID4_MK1,21.5073917166392,24.554594039916992,1.0,http://data-fallback.comma.life:8080/7d96ac8f3155dca8/00000065--39f263064e/166/rlog.zst
81dd9e9fe256c397/0000002f--bff24fca36--16,81dd9e9fe256c397,VOLKSWAGEN_ID4_MK1,3.7451517498577416,7.976672649383545,0.0,http://data-fallback.comma.life:8080/81dd9e9fe256c397/0000002f--bff24fca36/16/rlog.zst
862ee7dd767bf07f/0000017f--5b59b519bf--27,862ee7dd767bf07f,VOLKSWAGEN_ID4_MK1,68.265625,68.265625,0.0,http://data-fallback.comma.life:8080/862ee7dd767bf07f/0000017f--5b59b519bf/27/rlog.zst
aebd8f1d4ea16066/00000083--746af6199c--4,aebd8f1d4ea16066,VOLKSWAGEN_ID4_MK1,37.247881202697755,37.4029655456543,1.0,http://data-fallback.comma.life:8080/aebd8f1d4ea16066/00000083--746af6199c/4/rlog.zst
dab4c3d4c55934f5/0000033f--e9d08c67d5--8,dab4c3d4c55934f5,VOLKSWAGEN_ID4_MK1,8.635303375896315,19.031585693359375,1.0,http://data-fallback.comma.life:8080/dab4c3d4c55934f5/0000033f--e9d08c67d5/8/rlog.zst
fc76cf2b65550db6/00000088--be55d52a0d--34,fc76cf2b65550db6,VOLKSWAGEN_ID4_MK1,12.17330867131551,14.099396705627441,0.0,http://data-fallback.comma.life:8080/fc76cf2b65550db6/00000088--be55d52a0d/34/rlog.zst
059878a793f8f288/000006ef--e7ca067163--30,059878a793f8f288,VOLKSWAGEN_ID4_MK1,30.213833487828573,32.15732955932617,1.0,http://data-fallback.comma.life:8080/059878a793f8f288/000006ef--e7ca067163/30/rlog.zst
63c4d8470902a8e7/0000034a--a856fbe773--56,63c4d8470902a8e7,VOLKSWAGEN_ID4_MK1,4.982632366418838,7.379446983337402,1.0,http://data-fallback.comma.life:8080/63c4d8470902a8e7/0000034a--a856fbe773/56/rlog.zst
7d96ac8f3155dca8/00000065--39f263064e--182,7d96ac8f3155dca8,VOLKSWAGEN_ID4_MK1,15.886078556378683,15.997476577758789,1.0,http://data-fallback.comma.life:8080/7d96ac8f3155dca8/00000065--39f263064e/182/rlog.zst
81dd9e9fe256c397/0000002f--bff24fca36--6,81dd9e9fe256c397,VOLKSWAGEN_ID4_MK1,3.541642466363789,13.15155029296875,0.0,http://data-fallback.comma.life:8080/81dd9e9fe256c397/0000002f--bff24fca36/6/rlog.zst
862ee7dd767bf07f/0000017f--5b59b519bf--28,862ee7dd767bf07f,VOLKSWAGEN_ID4_MK1,68.265625,68.265625,0.0,http://data-fallback.comma.life:8080/862ee7dd767bf07f/0000017f--5b59b519bf/28/rlog.zst
aebd8f1d4ea16066/00000083--746af6199c--6,aebd8f1d4ea16066,VOLKSWAGEN_ID4_MK1,37.24751335144043,37.33817672729492,1.0,http://data-fallback.comma.life:8080/aebd8f1d4ea16066/00000083--746af6199c/6/rlog.zst
dab4c3d4c55934f5/0000033f--e9d08c67d5--10,dab4c3d4c55934f5,VOLKSWAGEN_ID4_MK1,4.580946983769792,19.01959228515625,1.0,http://data-fallback.comma.life:8080/dab4c3d4c55934f5/0000033f--e9d08c67d5/10/rlog.zst
fc76cf2b65550db6/00000004--412fe0b49e--5,fc76cf2b65550db6,VOLKSWAGEN_ID4_MK1,12.119408251829446,23.430280685424805,0.7345575959933222,http://data-fallback.comma.life:8080/fc76cf2b65550db6/00000004--412fe0b49e/5/rlog.zst
059878a793f8f288/00000702--a1330a9fa8--7,059878a793f8f288,VOLKSWAGEN_ID4_MK1,30.077161080042522,34.4489631652832,1.0,http://data-fallback.comma.life:8080/059878a793f8f288/00000702--a1330a9fa8/7/rlog.zst
63c4d8470902a8e7/0000034a--a856fbe773--54,63c4d8470902a8e7,VOLKSWAGEN_ID4_MK1,3.593390082915624,4.951494216918945,1.0,http://data-fallback.comma.life:8080/63c4d8470902a8e7/0000034a--a856fbe773/54/rlog.zst
7d96ac8f3155dca8/00000065--39f263064e--178,7d96ac8f3155dca8,VOLKSWAGEN_ID4_MK1,15.745174218813577,18.635622024536133,1.0,http://data-fallback.comma.life:8080/7d96ac8f3155dca8/00000065--39f263064e/178/rlog.zst
81dd9e9fe256c397/0000002f--bff24fca36--20,81dd9e9fe256c397,VOLKSWAGEN_ID4_MK1,3.3458756300886896,6.942176818847656,0.0,http://data-fallback.comma.life:8080/81dd9e9fe256c397/0000002f--bff24fca36/20/rlog.zst
862ee7dd767bf07f/0000017f--5b59b519bf--29,862ee7dd767bf07f,VOLKSWAGEN_ID4_MK1,68.265625,68.265625,0.0,http://data-fallback.comma.life:8080/862ee7dd767bf07f/0000017f--5b59b519bf/29/rlog.zst
aebd8f1d4ea16066/00000083--746af6199c--3,aebd8f1d4ea16066,VOLKSWAGEN_ID4_MK1,37.13959869384766,37.35100173950195,1.0,http://data-fallback.comma.life:8080/aebd8f1d4ea16066/00000083--746af6199c/3/rlog.zst
dab4c3d4c55934f5/00000337--ba74a366de--9,dab4c3d4c55934f5,VOLKSWAGEN_ID4_MK1,2.0394859976428683,15.898772239685059,1.0,http://data-fallback.comma.life:8080/dab4c3d4c55934f5/00000337--ba74a366de/9/rlog.zst
fc76cf2b65550db6/0000006c--a22bb80c53--7,fc76cf2b65550db6,VOLKSWAGEN_ID4_MK1,10.433960545364123,22.385679244995117,1.0,http://data-fallback.comma.life:8080/fc76cf2b65550db6/0000006c--a22bb80c53/7/rlog.zst
059878a793f8f288/000006ef--e7ca067163--27,059878a793f8f288,VOLKSWAGEN_ID4_MK1,29.699844131469728,31.29532241821289,1.0,http://data-fallback.comma.life:8080/059878a793f8f288/000006ef--e7ca067163/27/rlog.zst
63c4d8470902a8e7/0000034a--a856fbe773--55,63c4d8470902a8e7,VOLKSWAGEN_ID4_MK1,3.486144737402598,4.544905185699463,1.0,http://data-fallback.comma.life:8080/63c4d8470902a8e7/0000034a--a856fbe773/55/rlog.zst
7d96ac8f3155dca8/00000065--39f263064e--183,7d96ac8f3155dca8,VOLKSWAGEN_ID4_MK1,13.31201488494873,15.917031288146973,0.9683333333333334,http://data-fallback.comma.life:8080/7d96ac8f3155dca8/00000065--39f263064e/183/rlog.zst
81dd9e9fe256c397/0000002f--bff24fca36--18,81dd9e9fe256c397,VOLKSWAGEN_ID4_MK1,3.247027172760891,7.632741451263428,0.0,http://data-fallback.comma.life:8080/81dd9e9fe256c397/0000002f--bff24fca36/18/rlog.zst
862ee7dd767bf07f/0000017f--5b59b519bf--3,862ee7dd767bf07f,VOLKSWAGEN_ID4_MK1,68.265625,68.265625,0.0,http://data-fallback.comma.life:8080/862ee7dd767bf07f/0000017f--5b59b519bf/3/rlog.zst
aebd8f1d4ea16066/0000010c--c985ca771f--7,aebd8f1d4ea16066,VOLKSWAGEN_ID4_MK1,37.106650726624046,40.197059631347656,0.825,http://data-fallback.comma.life:8080/aebd8f1d4ea16066/0000010c--c985ca771f/7/rlog.zst
fc76cf2b65550db6/0000006c--a22bb80c53--18,fc76cf2b65550db6,VOLKSWAGEN_ID4_MK1,9.999706008121112,17.216371536254883,0.645,http://data-fallback.comma.life:8080/fc76cf2b65550db6/0000006c--a22bb80c53/18/rlog.zst
059878a793f8f288/000006f6--ad562af28b--10,059878a793f8f288,VOLKSWAGEN_ID4_MK1,29.595807015101116,34.35997772216797,1.0,http://data-fallback.comma.life:8080/059878a793f8f288/000006f6--ad562af28b/10/rlog.zst
63c4d8470902a8e7/0000034a--a856fbe773--57,63c4d8470902a8e7,VOLKSWAGEN_ID4_MK1,3.2847991469868902,5.883228302001953,1.0,http://data-fallback.comma.life:8080/63c4d8470902a8e7/0000034a--a856fbe773/57/rlog.zst
7d96ac8f3155dca8/00000065--39f263064e--172,7d96ac8f3155dca8,VOLKSWAGEN_ID4_MK1,12.142679042816162,18.523258209228516,0.4216666666666667,http://data-fallback.comma.life:8080/7d96ac8f3155dca8/00000065--39f263064e/172/rlog.zst
81dd9e9fe256c397/0000002f--bff24fca36--24,81dd9e9fe256c397,VOLKSWAGEN_ID4_MK1,2.933509858982918,8.308852195739746,0.0,http://data-fallback.comma.life:8080/81dd9e9fe256c397/0000002f--bff24fca36/24/rlog.zst
862ee7dd767bf07f/0000017f--5b59b519bf--30,862ee7dd767bf07f,VOLKSWAGEN_ID4_MK1,68.265625,68.265625,0.0,http://data-fallback.comma.life:8080/862ee7dd767bf07f/0000017f--5b59b519bf/30/rlog.zst
aebd8f1d4ea16066/000000f9--e9bfbd234e--0,aebd8f1d4ea16066,VOLKSWAGEN_ID4_MK1,36.91019055037993,39.790985107421875,0.0,http://data-fallback.comma.life:8080/aebd8f1d4ea16066/000000f9--e9bfbd234e/0/rlog.zst
fc76cf2b65550db6/0000006c--a22bb80c53--16,fc76cf2b65550db6,VOLKSWAGEN_ID4_MK1,9.57216271037196,16.655672073364258,1.0,http://data-fallback.comma.life:8080/fc76cf2b65550db6/0000006c--a22bb80c53/16/rlog.zst
059878a793f8f288/000006f7--12e65cb921--11,059878a793f8f288,VOLKSWAGEN_ID4_MK1,28.60266009012858,33.32210159301758,1.0,http://data-fallback.comma.life:8080/059878a793f8f288/000006f7--12e65cb921/11/rlog.zst
7d96ac8f3155dca8/00000065--39f263064e--184,7d96ac8f3155dca8,VOLKSWAGEN_ID4_MK1,12.073460703760118,13.343635559082031,0.8533333333333334,http://data-fallback.comma.life:8080/7d96ac8f3155dca8/00000065--39f263064e/184/rlog.zst
81dd9e9fe256c397/0000002f--bff24fca36--17,81dd9e9fe256c397,VOLKSWAGEN_ID4_MK1,2.6942860507415123,8.385566711425781,0.0,http://data-fallback.comma.life:8080/81dd9e9fe256c397/0000002f--bff24fca36/17/rlog.zst
862ee7dd767bf07f/0000017f--5b59b519bf--4,862ee7dd767bf07f,VOLKSWAGEN_ID4_MK1,68.265625,68.265625,0.0,http://data-fallback.comma.life:8080/862ee7dd767bf07f/0000017f--5b59b519bf/4/rlog.zst
aebd8f1d4ea16066/0000011a--737f45313a--10,aebd8f1d4ea16066,VOLKSWAGEN_ID4_MK1,36.86641892751058,38.76478576660156,1.0,http://data-fallback.comma.life:8080/aebd8f1d4ea16066/0000011a--737f45313a/10/rlog.zst
fc76cf2b65550db6/0000006c--a22bb80c53--2,fc76cf2b65550db6,VOLKSWAGEN_ID4_MK1,9.521519177953403,16.72490692138672,0.0,http://data-fallback.comma.life:8080/fc76cf2b65550db6/0000006c--a22bb80c53/2/rlog.zst
059878a793f8f288/000006ef--e7ca067163--28,059878a793f8f288,VOLKSWAGEN_ID4_MK1,28.17983919461568,30.51349449157715,1.0,http://data-fallback.comma.life:8080/059878a793f8f288/000006ef--e7ca067163/28/rlog.zst
7d96ac8f3155dca8/00000065--39f263064e--173,7d96ac8f3155dca8,VOLKSWAGEN_ID4_MK1,3.573609062529189,12.246074676513672,0.22,http://data-fallback.comma.life:8080/7d96ac8f3155dca8/00000065--39f263064e/173/rlog.zst
81dd9e9fe256c397/0000002f--bff24fca36--21,81dd9e9fe256c397,VOLKSWAGEN_ID4_MK1,2.5568723731282264,6.774620532989502,0.0,http://data-fallback.comma.life:8080/81dd9e9fe256c397/0000002f--bff24fca36/21/rlog.zst
862ee7dd767bf07f/0000017f--5b59b519bf--5,862ee7dd767bf07f,VOLKSWAGEN_ID4_MK1,68.265625,68.265625,0.0,http://data-fallback.comma.life:8080/862ee7dd767bf07f/0000017f--5b59b519bf/5/rlog.zst
aebd8f1d4ea16066/00000124--a7eddd227c--6,aebd8f1d4ea16066,VOLKSWAGEN_ID4_MK1,36.84228246688843,38.99566650390625,1.0,http://data-fallback.comma.life:8080/aebd8f1d4ea16066/00000124--a7eddd227c/6/rlog.zst
fc76cf2b65550db6/00000004--412fe0b49e--7,fc76cf2b65550db6,VOLKSWAGEN_ID4_MK1,9.307666496609649,11.519021987915039,0.0,http://data-fallback.comma.life:8080/fc76cf2b65550db6/00000004--412fe0b49e/7/rlog.zst
059878a793f8f288/000006ef--e7ca067163--29,059878a793f8f288,VOLKSWAGEN_ID4_MK1,27.265735994974772,29.43726348876953,1.0,http://data-fallback.comma.life:8080/059878a793f8f288/000006ef--e7ca067163/29/rlog.zst
7d96ac8f3155dca8/00000065--39f263064e--188,7d96ac8f3155dca8,VOLKSWAGEN_ID4_MK1,0.3621382890273947,1.5369353294372559,0.0,http://data-fallback.comma.life:8080/7d96ac8f3155dca8/00000065--39f263064e/188/rlog.zst
81dd9e9fe256c397/0000002f--bff24fca36--23,81dd9e9fe256c397,VOLKSWAGEN_ID4_MK1,2.408676646783084,7.098136901855469,0.0,http://data-fallback.comma.life:8080/81dd9e9fe256c397/0000002f--bff24fca36/23/rlog.zst
862ee7dd767bf07f/0000017f--5b59b519bf--6,862ee7dd767bf07f,VOLKSWAGEN_ID4_MK1,68.265625,68.265625,0.0,http://data-fallback.comma.life:8080/862ee7dd767bf07f/0000017f--5b59b519bf/6/rlog.zst
aebd8f1d4ea16066/00000124--a7eddd227c--8,aebd8f1d4ea16066,VOLKSWAGEN_ID4_MK1,36.52309460957845,40.33391571044922,1.0,http://data-fallback.comma.life:8080/aebd8f1d4ea16066/00000124--a7eddd227c/8/rlog.zst
fc76cf2b65550db6/00000088--be55d52a0d--66,fc76cf2b65550db6,VOLKSWAGEN_ID4_MK1,8.738633817159656,14.031596183776855,0.0,http://data-fallback.comma.life:8080/fc76cf2b65550db6/00000088--be55d52a0d/66/rlog.zst
059878a793f8f288/00000702--a1330a9fa8--8,059878a793f8f288,VOLKSWAGEN_ID4_MK1,27.069352604548136,29.471994400024414,0.6816666666666666,http://data-fallback.comma.life:8080/059878a793f8f288/00000702--a1330a9fa8/8/rlog.zst
81dd9e9fe256c397/0000002f--bff24fca36--30,81dd9e9fe256c397,VOLKSWAGEN_ID4_MK1,1.1750653065156405,6.9749755859375,0.0,http://data-fallback.comma.life:8080/81dd9e9fe256c397/0000002f--bff24fca36/30/rlog.zst
862ee7dd767bf07f/0000017f--5b59b519bf--7,862ee7dd767bf07f,VOLKSWAGEN_ID4_MK1,68.265625,68.265625,0.0,http://data-fallback.comma.life:8080/862ee7dd767bf07f/0000017f--5b59b519bf/7/rlog.zst
aebd8f1d4ea16066/00000124--a7eddd227c--10,aebd8f1d4ea16066,VOLKSWAGEN_ID4_MK1,36.45914177106498,38.3281135559082,1.0,http://data-fallback.comma.life:8080/aebd8f1d4ea16066/00000124--a7eddd227c/10/rlog.zst
fc76cf2b65550db6/0000006c--a22bb80c53--17,fc76cf2b65550db6,VOLKSWAGEN_ID4_MK1,8.495875721530838,15.964755058288574,0.7033333333333334,http://data-fallback.comma.life:8080/fc76cf2b65550db6/0000006c--a22bb80c53/17/rlog.zst
059878a793f8f288/000006f7--12e65cb921--12,059878a793f8f288,VOLKSWAGEN_ID4_MK1,26.049263350168864,30.662513732910156,1.0,http://data-fallback.comma.life:8080/059878a793f8f288/000006f7--12e65cb921/12/rlog.zst
81dd9e9fe256c397/0000002f--bff24fca36--22,81dd9e9fe256c397,VOLKSWAGEN_ID4_MK1,1.1277761146160734,3.729715347290039,0.0,http://data-fallback.comma.life:8080/81dd9e9fe256c397/0000002f--bff24fca36/22/rlog.zst
862ee7dd767bf07f/0000017f--5b59b519bf--8,862ee7dd767bf07f,VOLKSWAGEN_ID4_MK1,68.265625,68.265625,0.0,http://data-fallback.comma.life:8080/862ee7dd767bf07f/0000017f--5b59b519bf/8/rlog.zst
aebd8f1d4ea16066/00000112--483479fb88--6,aebd8f1d4ea16066,VOLKSWAGEN_ID4_MK1,36.45416442235311,37.781063079833984,1.0,http://data-fallback.comma.life:8080/aebd8f1d4ea16066/00000112--483479fb88/6/rlog.zst
fc76cf2b65550db6/00000088--be55d52a0d--10,fc76cf2b65550db6,VOLKSWAGEN_ID4_MK1,7.7162901129882915,16.04821014404297,0.0,http://data-fallback.comma.life:8080/fc76cf2b65550db6/00000088--be55d52a0d/10/rlog.zst
059878a793f8f288/00000704--c6375e4c7b--6,059878a793f8f288,VOLKSWAGEN_ID4_MK1,25.521004730860394,27.204853057861328,1.0,http://data-fallback.comma.life:8080/059878a793f8f288/00000704--c6375e4c7b/6/rlog.zst
81dd9e9fe256c397/0000002f--bff24fca36--13,81dd9e9fe256c397,VOLKSWAGEN_ID4_MK1,1.0966405909760442,2.16127872467041,0.0,http://data-fallback.comma.life:8080/81dd9e9fe256c397/0000002f--bff24fca36/13/rlog.zst
862ee7dd767bf07f/0000017f--5b59b519bf--9,862ee7dd767bf07f,VOLKSWAGEN_ID4_MK1,68.265625,68.265625,0.0,http://data-fallback.comma.life:8080/862ee7dd767bf07f/0000017f--5b59b519bf/9/rlog.zst
aebd8f1d4ea16066/00000112--483479fb88--12,aebd8f1d4ea16066,VOLKSWAGEN_ID4_MK1,36.130472373962405,39.74171829223633,1.0,http://data-fallback.comma.life:8080/aebd8f1d4ea16066/00000112--483479fb88/12/rlog.zst
fc76cf2b65550db6/00000004--412fe0b49e--0,fc76cf2b65550db6,VOLKSWAGEN_ID4_MK1,7.648492435856192,11.242816925048828,0.025951557093425604,http://data-fallback.comma.life:8080/fc76cf2b65550db6/00000004--412fe0b49e/0/rlog.zst
059878a793f8f288/000006f4--0bfefbceb4--3,059878a793f8f288,VOLKSWAGEN_ID4_MK1,25.14434246381124,26.853580474853516,1.0,http://data-fallback.comma.life:8080/059878a793f8f288/000006f4--0bfefbceb4/3/rlog.zst
81dd9e9fe256c397/0000002f--bff24fca36--12,81dd9e9fe256c397,VOLKSWAGEN_ID4_MK1,1.079000173759929,5.500173091888428,0.0,http://data-fallback.comma.life:8080/81dd9e9fe256c397/0000002f--bff24fca36/12/rlog.zst
862ee7dd767bf07f/0000017f--5b59b519bf--2,862ee7dd767bf07f,VOLKSWAGEN_ID4_MK1,61.01043884356817,72.33711242675781,0.12833333333333333,http://data-fallback.comma.life:8080/862ee7dd767bf07f/0000017f--5b59b519bf/2/rlog.zst
aebd8f1d4ea16066/000000e7--72feb31b85--17,aebd8f1d4ea16066,VOLKSWAGEN_ID4_MK1,36.06677211761475,38.04193115234375,1.0,http://data-fallback.comma.life:8080/aebd8f1d4ea16066/000000e7--72feb31b85/17/rlog.zst
fc76cf2b65550db6/00000088--be55d52a0d--7,fc76cf2b65550db6,VOLKSWAGEN_ID4_MK1,5.151935037771861,10.848358154296875,0.0,http://data-fallback.comma.life:8080/fc76cf2b65550db6/00000088--be55d52a0d/7/rlog.zst
059878a793f8f288/000006f6--ad562af28b--5,059878a793f8f288,VOLKSWAGEN_ID4_MK1,24.654398841857912,28.937501907348633,0.63,http://data-fallback.comma.life:8080/059878a793f8f288/000006f6--ad562af28b/5/rlog.zst
81dd9e9fe256c397/0000002f--bff24fca36--11,81dd9e9fe256c397,VOLKSWAGEN_ID4_MK1,1.0740198065872069,2.9444916248321533,0.0,http://data-fallback.comma.life:8080/81dd9e9fe256c397/0000002f--bff24fca36/11/rlog.zst
862ee7dd767bf07f/0000017f--5b59b519bf--1,862ee7dd767bf07f,VOLKSWAGEN_ID4_MK1,6.9731205599197805,14.46628189086914,0.02666666666666667,http://data-fallback.comma.life:8080/862ee7dd767bf07f/0000017f--5b59b519bf/1/rlog.zst
aebd8f1d4ea16066/00000107--0358d3ddb0--10,aebd8f1d4ea16066,VOLKSWAGEN_ID4_MK1,35.94890301704407,38.72972869873047,1.0,http://data-fallback.comma.life:8080/aebd8f1d4ea16066/00000107--0358d3ddb0/10/rlog.zst
fc76cf2b65550db6/0000006c--a22bb80c53--22,fc76cf2b65550db6,VOLKSWAGEN_ID4_MK1,4.585941143503329,14.920714378356934,0.0,http://data-fallback.comma.life:8080/fc76cf2b65550db6/0000006c--a22bb80c53/22/rlog.zst
059878a793f8f288/000006f5--d784369a41--4,059878a793f8f288,VOLKSWAGEN_ID4_MK1,24.571107088724773,32.41079330444336,1.0,http://data-fallback.comma.life:8080/059878a793f8f288/000006f5--d784369a41/4/rlog.zst
81dd9e9fe256c397/0000002f--bff24fca36--0,81dd9e9fe256c397,VOLKSWAGEN_ID4_MK1,0.3931752186867536,1.1993390321731567,0.0,http://data-fallback.comma.life:8080/81dd9e9fe256c397/0000002f--bff24fca36/0/rlog.zst
862ee7dd767bf07f/0000017f--5b59b519bf--0,862ee7dd767bf07f,VOLKSWAGEN_ID4_MK1,0.1134872878804631,0.675530731678009,0.0,http://data-fallback.comma.life:8080/862ee7dd767bf07f/0000017f--5b59b519bf/0/rlog.zst
aebd8f1d4ea16066/0000000e--9df08e96c1--5,aebd8f1d4ea16066,VOLKSWAGEN_ID4_MK1,35.850826559066775,37.6645393371582,1.0,http://data-fallback.comma.life:8080/aebd8f1d4ea16066/0000000e--9df08e96c1/5/rlog.zst
fc76cf2b65550db6/00000004--412fe0b49e--1,fc76cf2b65550db6,VOLKSWAGEN_ID4_MK1,4.576686727182234,10.45561695098877,0.675,http://data-fallback.comma.life:8080/fc76cf2b65550db6/00000004--412fe0b49e/1/rlog.zst
059878a793f8f288/000006f4--0bfefbceb4--23,059878a793f8f288,VOLKSWAGEN_ID4_MK1,24.111412315368653,26.657991409301758,1.0,http://data-fallback.comma.life:8080/059878a793f8f288/000006f4--0bfefbceb4/23/rlog.zst
81dd9e9fe256c397/0000002f--bff24fca36--31,81dd9e9fe256c397,VOLKSWAGEN_ID4_MK1,0.060129897918199754,0.3649657666683197,0.0,http://data-fallback.comma.life:8080/81dd9e9fe256c397/0000002f--bff24fca36/31/rlog.zst
aebd8f1d4ea16066/00000153--a4d78605ff--12,aebd8f1d4ea16066,VOLKSWAGEN_ID4_MK1,35.707690251668296,36.54941940307617,1.0,http://data-fallback.comma.life:8080/aebd8f1d4ea16066/00000153--a4d78605ff/12/rlog.zst
fc76cf2b65550db6/00000088--be55d52a0d--18,fc76cf2b65550db6,VOLKSWAGEN_ID4_MK1,4.274497728248437,10.463637351989746,0.0,http://data-fallback.comma.life:8080/fc76cf2b65550db6/00000088--be55d52a0d/18/rlog.zst
059878a793f8f288/000006f0--0be424c338--5,059878a793f8f288,VOLKSWAGEN_ID4_MK1,23.92220768928528,26.72771644592285,1.0,http://data-fallback.comma.life:8080/059878a793f8f288/000006f0--0be424c338/5/rlog.zst
81dd9e9fe256c397/00000030--31d7af9f81--0,81dd9e9fe256c397,VOLKSWAGEN_ID4_MK1,0.0,0.0,0.0,http://data-fallback.comma.life:8080/81dd9e9fe256c397/00000030--31d7af9f81/0/rlog.zst
aebd8f1d4ea16066/0000010f--89224506bf--7,aebd8f1d4ea16066,VOLKSWAGEN_ID4_MK1,35.67816985549035,35.84028244018555,1.0,http://data-fallback.comma.life:8080/aebd8f1d4ea16066/0000010f--89224506bf/7/rlog.zst
fc76cf2b65550db6/00000004--412fe0b49e--4,fc76cf2b65550db6,VOLKSWAGEN_ID4_MK1,3.657513274508515,9.6441650390625,0.0,http://data-fallback.comma.life:8080/fc76cf2b65550db6/00000004--412fe0b49e/4/rlog.zst
059878a793f8f288/000006fc--fe0b90d22c--8,059878a793f8f288,VOLKSWAGEN_ID4_MK1,23.618886041641236,26.789926528930664,1.0,http://data-fallback.comma.life:8080/059878a793f8f288/000006fc--fe0b90d22c/8/rlog.zst
aebd8f1d4ea16066/00000107--0358d3ddb0--9,aebd8f1d4ea16066,VOLKSWAGEN_ID4_MK1,35.64032556851705,37.44867706298828,1.0,http://data-fallback.comma.life:8080/aebd8f1d4ea16066/00000107--0358d3ddb0/9/rlog.zst
fc76cf2b65550db6/00000004--412fe0b49e--8,fc76cf2b65550db6,VOLKSWAGEN_ID4_MK1,2.9945086064375173,9.833333969116211,0.0,http://data-fallback.comma.life:8080/fc76cf2b65550db6/00000004--412fe0b49e/8/rlog.zst
059878a793f8f288/000006fe--685372fccd--6,059878a793f8f288,VOLKSWAGEN_ID4_MK1,22.61813605626424,24.394733428955078,1.0,http://data-fallback.comma.life:8080/059878a793f8f288/000006fe--685372fccd/6/rlog.zst
aebd8f1d4ea16066/0000010b--5266275eb3--26,aebd8f1d4ea16066,VOLKSWAGEN_ID4_MK1,35.634444725533356,35.70768737792969,1.0,http://data-fallback.comma.life:8080/aebd8f1d4ea16066/0000010b--5266275eb3/26/rlog.zst
fc76cf2b65550db6/00000088--be55d52a0d--6,fc76cf2b65550db6,VOLKSWAGEN_ID4_MK1,2.3183929874141302,5.64578104019165,0.0,http://data-fallback.comma.life:8080/fc76cf2b65550db6/00000088--be55d52a0d/6/rlog.zst
059878a793f8f288/000006f9--86ff897904--10,059878a793f8f288,VOLKSWAGEN_ID4_MK1,22.194072869618733,24.5866756439209,1.0,http://data-fallback.comma.life:8080/059878a793f8f288/000006f9--86ff897904/10/rlog.zst
aebd8f1d4ea16066/0000010f--89224506bf--9,aebd8f1d4ea16066,VOLKSWAGEN_ID4_MK1,35.633526471455895,35.7605094909668,1.0,http://data-fallback.comma.life:8080/aebd8f1d4ea16066/0000010f--89224506bf/9/rlog.zst
fc76cf2b65550db6/00000088--be55d52a0d--5,fc76cf2b65550db6,VOLKSWAGEN_ID4_MK1,1.7419610490080815,4.721486568450928,0.0,http://data-fallback.comma.life:8080/fc76cf2b65550db6/00000088--be55d52a0d/5/rlog.zst
059878a793f8f288/000006fb--676934796a--9,059878a793f8f288,VOLKSWAGEN_ID4_MK1,22.19318257331848,28.588478088378906,1.0,http://data-fallback.comma.life:8080/059878a793f8f288/000006fb--676934796a/9/rlog.zst
aebd8f1d4ea16066/0000010f--89224506bf--11,aebd8f1d4ea16066,VOLKSWAGEN_ID4_MK1,35.63332754770915,35.70120620727539,1.0,http://data-fallback.comma.life:8080/aebd8f1d4ea16066/0000010f--89224506bf/11/rlog.zst
fc76cf2b65550db6/00000088--be55d52a0d--0,fc76cf2b65550db6,VOLKSWAGEN_ID4_MK1,1.62777087139489,9.97049331665039,0.0,http://data-fallback.comma.life:8080/fc76cf2b65550db6/00000088--be55d52a0d/0/rlog.zst
059878a793f8f288/000006f3--84ccc2cf81--6,059878a793f8f288,VOLKSWAGEN_ID4_MK1,22.03867872873942,25.648046493530273,1.0,http://data-fallback.comma.life:8080/059878a793f8f288/000006f3--84ccc2cf81/6/rlog.zst
aebd8f1d4ea16066/0000010f--89224506bf--8,aebd8f1d4ea16066,VOLKSWAGEN_ID4_MK1,35.630848503112794,35.75847244262695,1.0,http://data-fallback.comma.life:8080/aebd8f1d4ea16066/0000010f--89224506bf/8/rlog.zst
fc76cf2b65550db6/00000088--be55d52a0d--4,fc76cf2b65550db6,VOLKSWAGEN_ID4_MK1,1.413391266090902,2.846074342727661,0.0,http://data-fallback.comma.life:8080/fc76cf2b65550db6/00000088--be55d52a0d/4/rlog.zst
059878a793f8f288/00000702--a1330a9fa8--2,059878a793f8f288,VOLKSWAGEN_ID4_MK1,21.804723398685454,34.91531753540039,0.39166666666666666,http://data-fallback.comma.life:8080/059878a793f8f288/00000702--a1330a9fa8/2/rlog.zst
aebd8f1d4ea16066/000000e7--72feb31b85--15,aebd8f1d4ea16066,VOLKSWAGEN_ID4_MK1,35.6243557014529,38.24424743652344,1.0,http://data-fallback.comma.life:8080/aebd8f1d4ea16066/000000e7--72feb31b85/15/rlog.zst
fc76cf2b65550db6/00000088--be55d52a0d--2,fc76cf2b65550db6,VOLKSWAGEN_ID4_MK1,0.6947475994001395,2.2484748363494873,0.0,http://data-fallback.comma.life:8080/fc76cf2b65550db6/00000088--be55d52a0d/2/rlog.zst
059878a793f8f288/000006f4--0bfefbceb4--4,059878a793f8f288,VOLKSWAGEN_ID4_MK1,21.77795858065287,24.07912254333496,1.0,http://data-fallback.comma.life:8080/059878a793f8f288/000006f4--0bfefbceb4/4/rlog.zst
aebd8f1d4ea16066/0000010b--5266275eb3--25,aebd8f1d4ea16066,VOLKSWAGEN_ID4_MK1,35.535344647644756,35.79004669189453,1.0,http://data-fallback.comma.life:8080/aebd8f1d4ea16066/0000010b--5266275eb3/25/rlog.zst
fc76cf2b65550db6/0000006c--a22bb80c53--23,fc76cf2b65550db6,VOLKSWAGEN_ID4_MK1,0.10406653019652734,0.48585015535354614,0.0,http://data-fallback.comma.life:8080/fc76cf2b65550db6/0000006c--a22bb80c53/23/rlog.zst
059878a793f8f288/000006f9--86ff897904--5,059878a793f8f288,VOLKSWAGEN_ID4_MK1,21.287692162195842,23.131567001342773,1.0,http://data-fallback.comma.life:8080/059878a793f8f288/000006f9--86ff897904/5/rlog.zst
aebd8f1d4ea16066/0000010f--89224506bf--12,aebd8f1d4ea16066,VOLKSWAGEN_ID4_MK1,35.49533348083496,35.72758865356445,1.0,http://data-fallback.comma.life:8080/aebd8f1d4ea16066/0000010f--89224506bf/12/rlog.zst
fc76cf2b65550db6/0000006c--a22bb80c53--1,fc76cf2b65550db6,VOLKSWAGEN_ID4_MK1,0.026179863947133224,2.0253520011901855,0.0,http://data-fallback.comma.life:8080/fc76cf2b65550db6/0000006c--a22bb80c53/1/rlog.zst
059878a793f8f288/000006f5--d784369a41--2,059878a793f8f288,VOLKSWAGEN_ID4_MK1,21.03224593957265,26.154146194458008,1.0,http://data-fallback.comma.life:8080/059878a793f8f288/000006f5--d784369a41/2/rlog.zst
aebd8f1d4ea16066/00000083--746af6199c--2,aebd8f1d4ea16066,VOLKSWAGEN_ID4_MK1,35.480764102935794,38.78284454345703,1.0,http://data-fallback.comma.life:8080/aebd8f1d4ea16066/00000083--746af6199c/2/rlog.zst
fc76cf2b65550db6/00000004--412fe0b49e--10,fc76cf2b65550db6,VOLKSWAGEN_ID4_MK1,0.0,0.0,0.0,http://data-fallback.comma.life:8080/fc76cf2b65550db6/00000004--412fe0b49e/10/rlog.zst
059878a793f8f288/000006fc--fe0b90d22c--4,059878a793f8f288,VOLKSWAGEN_ID4_MK1,20.871696581840514,24.746917724609375,1.0,http://data-fallback.comma.life:8080/059878a793f8f288/000006fc--fe0b90d22c/4/rlog.zst
aebd8f1d4ea16066/0000011a--737f45313a--11,aebd8f1d4ea16066,VOLKSWAGEN_ID4_MK1,35.475872144699096,39.426029205322266,0.945,http://data-fallback.comma.life:8080/aebd8f1d4ea16066/0000011a--737f45313a/11/rlog.zst
fc76cf2b65550db6/00000004--412fe0b49e--9,fc76cf2b65550db6,VOLKSWAGEN_ID4_MK1,0.0,-0.0,0.0,http://data-fallback.comma.life:8080/fc76cf2b65550db6/00000004--412fe0b49e/9/rlog.zst
059878a793f8f288/000006fc--fe0b90d22c--11,059878a793f8f288,VOLKSWAGEN_ID4_MK1,20.65419129371643,23.905372619628906,1.0,http://data-fallback.comma.life:8080/059878a793f8f288/000006fc--fe0b90d22c/11/rlog.zst
aebd8f1d4ea16066/0000010f--89224506bf--10,aebd8f1d4ea16066,VOLKSWAGEN_ID4_MK1,35.46103493372599,35.764163970947266,1.0,http://data-fallback.comma.life:8080/aebd8f1d4ea16066/0000010f--89224506bf/10/rlog.zst
fc76cf2b65550db6/0000006c--a22bb80c53--0,fc76cf2b65550db6,VOLKSWAGEN_ID4_MK1,0.0,0.0,0.0,http://data-fallback.comma.life:8080/fc76cf2b65550db6/0000006c--a22bb80c53/0/rlog.zst
059878a793f8f288/000006f9--86ff897904--4,059878a793f8f288,VOLKSWAGEN_ID4_MK1,20.63679744720459,21.29161834716797,1.0,http://data-fallback.comma.life:8080/059878a793f8f288/000006f9--86ff897904/4/rlog.zst
aebd8f1d4ea16066/000000d3--d2e901d912--8,aebd8f1d4ea16066,VOLKSWAGEN_ID4_MK1,35.43052758216858,36.85956573486328,1.0,http://data-fallback.comma.life:8080/aebd8f1d4ea16066/000000d3--d2e901d912/8/rlog.zst
fc76cf2b65550db6/0000006c--a22bb80c53--19,fc76cf2b65550db6,VOLKSWAGEN_ID4_MK1,0.0,0.0,0.0,http://data-fallback.comma.life:8080/fc76cf2b65550db6/0000006c--a22bb80c53/19/rlog.zst
059878a793f8f288/000006f6--ad562af28b--9,059878a793f8f288,VOLKSWAGEN_ID4_MK1,20.531264402071635,26.673137664794922,1.0,http://data-fallback.comma.life:8080/059878a793f8f288/000006f6--ad562af28b/9/rlog.zst
aebd8f1d4ea16066/00000153--a4d78605ff--13,aebd8f1d4ea16066,VOLKSWAGEN_ID4_MK1,35.412016480763754,35.68647766113281,1.0,http://data-fallback.comma.life:8080/aebd8f1d4ea16066/00000153--a4d78605ff/13/rlog.zst
059878a793f8f288/00000704--c6375e4c7b--4,059878a793f8f288,VOLKSWAGEN_ID4_MK1,20.1456934372584,25.363096237182617,1.0,http://data-fallback.comma.life:8080/059878a793f8f288/00000704--c6375e4c7b/4/rlog.zst
aebd8f1d4ea16066/00000152--5715fa86f9--4,aebd8f1d4ea16066,VOLKSWAGEN_ID4_MK1,35.37553464253744,36.16393280029297,1.0,http://data-fallback.comma.life:8080/aebd8f1d4ea16066/00000152--5715fa86f9/4/rlog.zst
059878a793f8f288/000006f9--86ff897904--11,059878a793f8f288,VOLKSWAGEN_ID4_MK1,20.00816964785258,22.488182067871094,0.905,http://data-fallback.comma.life:8080/059878a793f8f288/000006f9--86ff897904/11/rlog.zst
aebd8f1d4ea16066/000000a8--074a94c8eb--6,aebd8f1d4ea16066,VOLKSWAGEN_ID4_MK1,35.36328912734985,36.73418045043945,1.0,http://data-fallback.comma.life:8080/aebd8f1d4ea16066/000000a8--074a94c8eb/6/rlog.zst
059878a793f8f288/00000700--3467469156--9,059878a793f8f288,VOLKSWAGEN_ID4_MK1,19.887856375376384,26.042316436767578,1.0,http://data-fallback.comma.life:8080/059878a793f8f288/00000700--3467469156/9/rlog.zst
aebd8f1d4ea16066/00000153--a4d78605ff--11,aebd8f1d4ea16066,VOLKSWAGEN_ID4_MK1,35.32577136993408,36.219093322753906,1.0,http://data-fallback.comma.life:8080/aebd8f1d4ea16066/00000153--a4d78605ff/11/rlog.zst
059878a793f8f288/000006f0--0be424c338--6,059878a793f8f288,VOLKSWAGEN_ID4_MK1,19.81596010843913,22.67531967163086,1.0,http://data-fallback.comma.life:8080/059878a793f8f288/000006f0--0be424c338/6/rlog.zst
aebd8f1d4ea16066/00000107--0358d3ddb0--5,aebd8f1d4ea16066,VOLKSWAGEN_ID4_MK1,35.29293451309204,40.09510040283203,1.0,http://data-fallback.comma.life:8080/aebd8f1d4ea16066/00000107--0358d3ddb0/5/rlog.zst
059878a793f8f288/000006f4--0bfefbceb4--2,059878a793f8f288,VOLKSWAGEN_ID4_MK1,19.804188747406005,24.018064498901367,1.0,http://data-fallback.comma.life:8080/059878a793f8f288/000006f4--0bfefbceb4/2/rlog.zst
aebd8f1d4ea16066/000000e7--72feb31b85--16,aebd8f1d4ea16066,VOLKSWAGEN_ID4_MK1,35.211104565967936,39.24863052368164,0.9699499165275459,http://data-fallback.comma.life:8080/aebd8f1d4ea16066/000000e7--72feb31b85/16/rlog.zst
059878a793f8f288/000006fc--fe0b90d22c--10,059878a793f8f288,VOLKSWAGEN_ID4_MK1,19.596525472005208,23.914466857910156,1.0,http://data-fallback.comma.life:8080/059878a793f8f288/000006fc--fe0b90d22c/10/rlog.zst
aebd8f1d4ea16066/00000099--53ab1572c5--5,aebd8f1d4ea16066,VOLKSWAGEN_ID4_MK1,35.20063046455383,37.1909294128418,1.0,http://data-fallback.comma.life:8080/aebd8f1d4ea16066/00000099--53ab1572c5/5/rlog.zst
059878a793f8f288/000006fc--fe0b90d22c--9,059878a793f8f288,VOLKSWAGEN_ID4_MK1,19.54025269349416,22.27207374572754,1.0,http://data-fallback.comma.life:8080/059878a793f8f288/000006fc--fe0b90d22c/9/rlog.zst
aebd8f1d4ea16066/00000124--a7eddd227c--9,aebd8f1d4ea16066,VOLKSWAGEN_ID4_MK1,35.1941627629598,37.171974182128906,1.0,http://data-fallback.comma.life:8080/aebd8f1d4ea16066/00000124--a7eddd227c/9/rlog.zst
059878a793f8f288/000006f3--84ccc2cf81--4,059878a793f8f288,VOLKSWAGEN_ID4_MK1,19.5384380197525,26.482158660888672,1.0,http://data-fallback.comma.life:8080/059878a793f8f288/000006f3--84ccc2cf81/4/rlog.zst
aebd8f1d4ea16066/00000102--f2d626b0d2--8,aebd8f1d4ea16066,VOLKSWAGEN_ID4_MK1,35.14910400849153,35.2015380859375,1.0,http://data-fallback.comma.life:8080/aebd8f1d4ea16066/00000102--f2d626b0d2/8/rlog.zst
059878a793f8f288/000006fe--685372fccd--5,059878a793f8f288,VOLKSWAGEN_ID4_MK1,18.848255031903584,21.788158416748047,1.0,http://data-fallback.comma.life:8080/059878a793f8f288/000006fe--685372fccd/5/rlog.zst
aebd8f1d4ea16066/00000101--de37882e1f--7,aebd8f1d4ea16066,VOLKSWAGEN_ID4_MK1,35.13132435480754,35.26802062988281,1.0,http://data-fallback.comma.life:8080/aebd8f1d4ea16066/00000101--de37882e1f/7/rlog.zst
059878a793f8f288/000006fc--fe0b90d22c--7,059878a793f8f288,VOLKSWAGEN_ID4_MK1,18.746316986878714,26.863649368286133,1.0,http://data-fallback.comma.life:8080/059878a793f8f288/000006fc--fe0b90d22c/7/rlog.zst
aebd8f1d4ea16066/00000102--f2d626b0d2--9,aebd8f1d4ea16066,VOLKSWAGEN_ID4_MK1,35.131277313232424,35.223079681396484,1.0,http://data-fallback.comma.life:8080/aebd8f1d4ea16066/00000102--f2d626b0d2/9/rlog.zst
059878a793f8f288/000006f9--86ff897904--2,059878a793f8f288,VOLKSWAGEN_ID4_MK1,18.69316621462504,21.14653968811035,1.0,http://data-fallback.comma.life:8080/059878a793f8f288/000006f9--86ff897904/2/rlog.zst
aebd8f1d4ea16066/00000102--f2d626b0d2--10,aebd8f1d4ea16066,VOLKSWAGEN_ID4_MK1,35.123663374582925,35.2919807434082,1.0,http://data-fallback.comma.life:8080/aebd8f1d4ea16066/00000102--f2d626b0d2/10/rlog.zst
059878a793f8f288/000006fb--676934796a--8,059878a793f8f288,VOLKSWAGEN_ID4_MK1,18.598270155588786,24.823162078857422,1.0,http://data-fallback.comma.life:8080/059878a793f8f288/000006fb--676934796a/8/rlog.zst
aebd8f1d4ea16066/00000113--4f0363b945--14,aebd8f1d4ea16066,VOLKSWAGEN_ID4_MK1,35.11787594477335,36.545963287353516,1.0,http://data-fallback.comma.life:8080/aebd8f1d4ea16066/00000113--4f0363b945/14/rlog.zst
059878a793f8f288/000006f5--d784369a41--1,059878a793f8f288,VOLKSWAGEN_ID4_MK1,18.583858223306557,26.244487762451172,0.5566666666666666,http://data-fallback.comma.life:8080/059878a793f8f288/000006f5--d784369a41/1/rlog.zst
aebd8f1d4ea16066/0000000c--442e59a1da--5,aebd8f1d4ea16066,VOLKSWAGEN_ID4_MK1,35.1115512975057,35.23833465576172,1.0,http://data-fallback.comma.life:8080/aebd8f1d4ea16066/0000000c--442e59a1da/5/rlog.zst
059878a793f8f288/000006f9--86ff897904--3,059878a793f8f288,VOLKSWAGEN_ID4_MK1,18.499166099230447,27.69546890258789,0.8916666666666667,http://data-fallback.comma.life:8080/059878a793f8f288/000006f9--86ff897904/3/rlog.zst
aebd8f1d4ea16066/0000000c--442e59a1da--8,aebd8f1d4ea16066,VOLKSWAGEN_ID4_MK1,35.08938002546562,37.78345489501953,0.5806988352745425,http://data-fallback.comma.life:8080/aebd8f1d4ea16066/0000000c--442e59a1da/8/rlog.zst
059878a793f8f288/000006f4--0bfefbceb4--19,059878a793f8f288,VOLKSWAGEN_ID4_MK1,18.455100820859272,25.982397079467773,0.6216666666666667,http://data-fallback.comma.life:8080/059878a793f8f288/000006f4--0bfefbceb4/19/rlog.zst
aebd8f1d4ea16066/0000010c--c985ca771f--4,aebd8f1d4ea16066,VOLKSWAGEN_ID4_MK1,35.06600408554077,40.96046829223633,1.0,http://data-fallback.comma.life:8080/aebd8f1d4ea16066/0000010c--c985ca771f/4/rlog.zst
059878a793f8f288/00000700--3467469156--8,059878a793f8f288,VOLKSWAGEN_ID4_MK1,18.40614758491516,23.07091522216797,1.0,http://data-fallback.comma.life:8080/059878a793f8f288/00000700--3467469156/8/rlog.zst
aebd8f1d4ea16066/0000010b--5266275eb3--27,aebd8f1d4ea16066,VOLKSWAGEN_ID4_MK1,35.039640712738034,39.965362548828125,1.0,http://data-fallback.comma.life:8080/aebd8f1d4ea16066/0000010b--5266275eb3/27/rlog.zst
059878a793f8f288/000006f6--ad562af28b--11,059878a793f8f288,VOLKSWAGEN_ID4_MK1,18.393280522028604,31.797019958496094,0.6933333333333334,http://data-fallback.comma.life:8080/059878a793f8f288/000006f6--ad562af28b/11/rlog.zst
aebd8f1d4ea16066/00000125--ab10730582--10,aebd8f1d4ea16066,VOLKSWAGEN_ID4_MK1,35.02359023412069,36.083343505859375,1.0,http://data-fallback.comma.life:8080/aebd8f1d4ea16066/00000125--ab10730582/10/rlog.zst
059878a793f8f288/000006f4--0bfefbceb4--5,059878a793f8f288,VOLKSWAGEN_ID4_MK1,18.124443270365397,20.400978088378906,0.895,http://data-fallback.comma.life:8080/059878a793f8f288/000006f4--0bfefbceb4/5/rlog.zst
aebd8f1d4ea16066/00000102--f2d626b0d2--6,aebd8f1d4ea16066,VOLKSWAGEN_ID4_MK1,35.01679955800375,35.22134017944336,1.0,http://data-fallback.comma.life:8080/aebd8f1d4ea16066/00000102--f2d626b0d2/6/rlog.zst
059878a793f8f288/000006fb--676934796a--7,059878a793f8f288,VOLKSWAGEN_ID4_MK1,17.82804076830546,20.322956085205078,1.0,http://data-fallback.comma.life:8080/059878a793f8f288/000006fb--676934796a/7/rlog.zst
aebd8f1d4ea16066/00000129--55b681280a--0,aebd8f1d4ea16066,VOLKSWAGEN_ID4_MK1,34.98441787719727,37.09962463378906,0.0,http://data-fallback.comma.life:8080/aebd8f1d4ea16066/00000129--55b681280a/0/rlog.zst
059878a793f8f288/00000704--c6375e4c7b--5,059878a793f8f288,VOLKSWAGEN_ID4_MK1,17.41340399424235,25.62898826599121,1.0,http://data-fallback.comma.life:8080/059878a793f8f288/00000704--c6375e4c7b/5/rlog.zst
aebd8f1d4ea16066/00000102--f2d626b0d2--7,aebd8f1d4ea16066,VOLKSWAGEN_ID4_MK1,34.89851277203806,35.4763069152832,1.0,http://data-fallback.comma.life:8080/aebd8f1d4ea16066/00000102--f2d626b0d2/7/rlog.zst
059878a793f8f288/000006f0--0be424c338--2,059878a793f8f288,VOLKSWAGEN_ID4_MK1,17.329602545897167,21.253341674804688,1.0,http://data-fallback.comma.life:8080/059878a793f8f288/000006f0--0be424c338/2/rlog.zst
aebd8f1d4ea16066/00000101--de37882e1f--6,aebd8f1d4ea16066,VOLKSWAGEN_ID4_MK1,34.8978254254659,35.237239837646484,1.0,http://data-fallback.comma.life:8080/aebd8f1d4ea16066/00000101--de37882e1f/6/rlog.zst
059878a793f8f288/000006fc--fe0b90d22c--14,059878a793f8f288,VOLKSWAGEN_ID4_MK1,17.264425530433655,20.645610809326172,0.735,http://data-fallback.comma.life:8080/059878a793f8f288/000006fc--fe0b90d22c/14/rlog.zst
aebd8f1d4ea16066/00000101--de37882e1f--9,aebd8f1d4ea16066,VOLKSWAGEN_ID4_MK1,34.79425001780192,35.2878532409668,1.0,http://data-fallback.comma.life:8080/aebd8f1d4ea16066/00000101--de37882e1f/9/rlog.zst
059878a793f8f288/000006f0--0be424c338--7,059878a793f8f288,VOLKSWAGEN_ID4_MK1,17.256264932950337,18.564760208129883,1.0,http://data-fallback.comma.life:8080/059878a793f8f288/000006f0--0be424c338/7/rlog.zst
aebd8f1d4ea16066/00000153--a4d78605ff--10,aebd8f1d4ea16066,VOLKSWAGEN_ID4_MK1,34.715756289164226,35.2591438293457,1.0,http://data-fallback.comma.life:8080/aebd8f1d4ea16066/00000153--a4d78605ff/10/rlog.zst
059878a793f8f288/000006f9--86ff897904--6,059878a793f8f288,VOLKSWAGEN_ID4_MK1,17.227807245254517,21.129505157470703,1.0,http://data-fallback.comma.life:8080/059878a793f8f288/000006f9--86ff897904/6/rlog.zst
aebd8f1d4ea16066/00000152--5715fa86f9--9,aebd8f1d4ea16066,VOLKSWAGEN_ID4_MK1,34.714773171742756,38.51865768432617,1.0,http://data-fallback.comma.life:8080/aebd8f1d4ea16066/00000152--5715fa86f9/9/rlog.zst
059878a793f8f288/000006f3--84ccc2cf81--5,059878a793f8f288,VOLKSWAGEN_ID4_MK1,17.217704928716024,21.300167083740234,1.0,http://data-fallback.comma.life:8080/059878a793f8f288/000006f3--84ccc2cf81/5/rlog.zst
aebd8f1d4ea16066/000000ea--64c28a6dc7--12,aebd8f1d4ea16066,VOLKSWAGEN_ID4_MK1,34.622388973236085,36.13216781616211,1.0,http://data-fallback.comma.life:8080/aebd8f1d4ea16066/000000ea--64c28a6dc7/12/rlog.zst
059878a793f8f288/000006fc--fe0b90d22c--5,059878a793f8f288,VOLKSWAGEN_ID4_MK1,17.158078876680047,20.868751525878906,1.0,http://data-fallback.comma.life:8080/059878a793f8f288/000006fc--fe0b90d22c/5/rlog.zst
aebd8f1d4ea16066/0000011a--737f45313a--9,aebd8f1d4ea16066,VOLKSWAGEN_ID4_MK1,34.54445280710856,35.26173400878906,1.0,http://data-fallback.comma.life:8080/aebd8f1d4ea16066/0000011a--737f45313a/9/rlog.zst
059878a793f8f288/000006fa--5ab0ddcffb--12,059878a793f8f288,VOLKSWAGEN_ID4_MK1,17.157668091456095,21.292036056518555,1.0,http://data-fallback.comma.life:8080/059878a793f8f288/000006fa--5ab0ddcffb/12/rlog.zst
aebd8f1d4ea16066/00000102--f2d626b0d2--11,aebd8f1d4ea16066,VOLKSWAGEN_ID4_MK1,34.47938505172729,35.248329162597656,1.0,http://data-fallback.comma.life:8080/aebd8f1d4ea16066/00000102--f2d626b0d2/11/rlog.zst
059878a793f8f288/000006fc--fe0b90d22c--6,059878a793f8f288,VOLKSWAGEN_ID4_MK1,17.13856721083323,18.723331451416016,1.0,http://data-fallback.comma.life:8080/059878a793f8f288/000006fc--fe0b90d22c/6/rlog.zst
aebd8f1d4ea16066/000000db--1bcb316d5d--0,aebd8f1d4ea16066,VOLKSWAGEN_ID4_MK1,34.33421787096106,38.4243049621582,0.0,http://data-fallback.comma.life:8080/aebd8f1d4ea16066/000000db--1bcb316d5d/0/rlog.zst
059878a793f8f288/000006f9--86ff897904--7,059878a793f8f288,VOLKSWAGEN_ID4_MK1,16.73380431652069,21.506206512451172,1.0,http://data-fallback.comma.life:8080/059878a793f8f288/000006f9--86ff897904/7/rlog.zst
aebd8f1d4ea16066/000000d3--d2e901d912--5,aebd8f1d4ea16066,VOLKSWAGEN_ID4_MK1,34.24456251780192,40.44728088378906,1.0,http://data-fallback.comma.life:8080/aebd8f1d4ea16066/000000d3--d2e901d912/5/rlog.zst
059878a793f8f288/000006f9--86ff897904--9,059878a793f8f288,VOLKSWAGEN_ID4_MK1,16.656086325645447,21.09226417541504,1.0,http://data-fallback.comma.life:8080/059878a793f8f288/000006f9--86ff897904/9/rlog.zst
aebd8f1d4ea16066/0000010c--c985ca771f--3,aebd8f1d4ea16066,VOLKSWAGEN_ID4_MK1,34.11901386260986,35.31290817260742,1.0,http://data-fallback.comma.life:8080/aebd8f1d4ea16066/0000010c--c985ca771f/3/rlog.zst
059878a793f8f288/000006ef--e7ca067163--5,059878a793f8f288,VOLKSWAGEN_ID4_MK1,16.611414720863102,26.75675392150879,0.6666666666666666,http://data-fallback.comma.life:8080/059878a793f8f288/000006ef--e7ca067163/5/rlog.zst
aebd8f1d4ea16066/00000100--57c2f07162--0,aebd8f1d4ea16066,VOLKSWAGEN_ID4_MK1,34.091212908565375,40.70683288574219,0.462478184991274,http://data-fallback.comma.life:8080/aebd8f1d4ea16066/00000100--57c2f07162/0/rlog.zst
059878a793f8f288/000006ef--e7ca067163--8,059878a793f8f288,VOLKSWAGEN_ID4_MK1,16.58687023435954,30.90933609008789,0.3466666666666667,http://data-fallback.comma.life:8080/059878a793f8f288/000006ef--e7ca067163/8/rlog.zst
aebd8f1d4ea16066/0000011a--737f45313a--8,aebd8f1d4ea16066,VOLKSWAGEN_ID4_MK1,34.00642863591512,35.29102325439453,1.0,http://data-fallback.comma.life:8080/aebd8f1d4ea16066/0000011a--737f45313a/8/rlog.zst
059878a793f8f288/00000700--3467469156--7,059878a793f8f288,VOLKSWAGEN_ID4_MK1,16.486915866533916,20.61212921142578,1.0,http://data-fallback.comma.life:8080/059878a793f8f288/00000700--3467469156/7/rlog.zst
aebd8f1d4ea16066/0000010c--c985ca771f--6,aebd8f1d4ea16066,VOLKSWAGEN_ID4_MK1,33.997050043741865,38.812583923339844,1.0,http://data-fallback.comma.life:8080/aebd8f1d4ea16066/0000010c--c985ca771f/6/rlog.zst
059878a793f8f288/000006f3--84ccc2cf81--14,059878a793f8f288,VOLKSWAGEN_ID4_MK1,16.43417634487152,21.25062370300293,1.0,http://data-fallback.comma.life:8080/059878a793f8f288/000006f3--84ccc2cf81/14/rlog.zst
aebd8f1d4ea16066/000000a8--074a94c8eb--8,aebd8f1d4ea16066,VOLKSWAGEN_ID4_MK1,33.94347359021505,35.375274658203125,1.0,http://data-fallback.comma.life:8080/aebd8f1d4ea16066/000000a8--074a94c8eb/8/rlog.zst
